block_id,event_count,unique_templates,unique_components,total_ip_count,exception_event,verification_event,delete_event,allocate_event,trace_time_difference,prediction,anomaly_score,anomaly
blk_-1030832046197982436,1,1,1,1,0,0,1,0,0,1,0.1150743353602891,NORMAL
blk_-1046472716157313227,1,1,1,0,0,0,1,0,0,1,0.12297016981752451,NORMAL
blk_-1049340855430710153,1,1,1,0,0,0,0,0,0,1,0.1844708938516601,NORMAL
blk_-1055254430948037872,1,1,1,1,0,0,0,0,0,1,0.21900602380048056,NORMAL
blk_-1067234447809438340,1,1,1,0,0,0,0,0,0,1,0.1844708938516601,NORMAL
blk_-1071115021179995772,1,1,1,1,0,0,1,0,0,1,0.1150743353602891,NORMAL
blk_-1082541280306680938,1,1,1,0,0,0,1,0,0,1,0.12297016981752451,NORMAL
blk_-1090213273274684471,1,1,1,1,0,0,0,0,0,1,0.21900602380048056,NORMAL
blk_-1094025072435547068,1,1,1,1,0,0,0,0,0,1,0.21900602380048056,NORMAL
blk_-1096621677333075077,1,1,1,0,0,0,0,0,0,1,0.1844708938516601,NORMAL
blk_-1101091099241306483,1,1,1,0,0,0,0,1,0,1,0.04491092989184653,NORMAL
blk_-1110880362999960078,1,1,1,1,0,0,1,0,0,1,0.1150743353602891,NORMAL
blk_-1111344660779690782,1,1,1,0,0,0,1,0,0,1,0.12297016981752451,NORMAL
blk_-1125621902344947014,1,1,1,2,0,0,0,0,0,1,0.17105675448234425,NORMAL
blk_-1133573997287815203,1,1,1,2,0,0,0,0,0,1,0.17105675448234425,NORMAL
blk_-1141332313413855099,1,1,1,1,0,0,0,0,0,1,0.21900602380048056,NORMAL
blk_-1148756466197125339,1,1,1,0,0,0,0,0,0,1,0.1844708938516601,NORMAL
blk_-1162676743264290624,1,1,1,1,0,0,1,0,0,1,0.1150743353602891,NORMAL
blk_-116589515245909549,1,1,1,2,0,0,0,0,0,1,0.17105675448234425,NORMAL
blk_-1180596628202464893,1,1,1,0,0,0,1,0,0,1,0.12297016981752451,NORMAL
blk_-11867600358649678,1,1,1,2,0,0,0,0,0,1,0.17105675448234425,NORMAL
blk_-1197396592032418307,1,1,1,0,0,0,0,0,0,1,0.1844708938516601,NORMAL
blk_-1201318815778694289,1,1,1,1,0,0,0,0,0,1,0.21900602380048056,NORMAL
blk_-1227720343537039835,1,1,1,1,0,0,1,0,0,1,0.1150743353602891,NORMAL
blk_-1233005817943453613,1,1,1,1,0,0,1,0,0,1,0.1150743353602891,NORMAL
blk_-1236077201457689973,1,1,1,1,0,0,0,0,0,1,0.21900602380048056,NORMAL
blk_-1237539644269634790,1,1,1,1,0,0,0,0,0,1,0.21900602380048056,NORMAL
blk_-1250775350296476256,1,1,1,0,0,0,0,0,0,1,0.1844708938516601,NORMAL
blk_-1259190292740306590,1,1,1,2,0,0,0,0,0,1,0.17105675448234425,NORMAL
blk_-1263913006422225885,1,1,1,0,0,0,1,0,0,1,0.12297016981752451,NORMAL
blk_-1271403908410292619,1,1,1,1,0,0,1,0,0,1,0.1150743353602891,NORMAL
blk_-1278725622357466169,1,1,1,0,0,0,1,0,0,1,0.12297016981752451,NORMAL
blk_-1281276222788579863,1,1,1,0,0,0,1,0,0,1,0.12297016981752451,NORMAL
blk_-1282453782148343691,1,1,1,0,0,0,0,1,0,1,0.04491092989184653,NORMAL
blk_-1305222006484630743,1,1,1,1,0,0,0,0,0,1,0.21900602380048056,NORMAL
blk_-1306900105984505600,1,1,1,0,0,0,1,0,0,1,0.12297016981752451,NORMAL
blk_-1312981516354612257,1,1,1,0,0,0,1,0,0,1,0.12297016981752451,NORMAL
blk_-1331750856499198500,1,1,1,1,0,0,1,0,0,1,0.1150743353602891,NORMAL
blk_-1332315107905285608,1,1,1,1,0,0,0,0,0,1,0.21900602380048056,NORMAL
blk_-1335063409877429524,1,1,1,1,0,0,1,0,0,1,0.1150743353602891,NORMAL
blk_-133919539232421451,1,1,1,1,0,0,1,0,0,1,0.1150743353602891,NORMAL
blk_-1342669964196815853,1,1,1,1,0,0,1,0,0,1,0.1150743353602891,NORMAL
blk_-1345585044778938153,1,1,1,0,0,0,1,0,0,1,0.12297016981752451,NORMAL
blk_-1347057913082589493,1,1,1,0,0,0,1,0,0,1,0.12297016981752451,NORMAL
blk_-1367876730256254709,1,1,1,2,1,0,0,0,0,1,0.0,NORMAL
blk_-1368324087589035770,1,1,1,0,0,0,1,0,0,1,0.12297016981752451,NORMAL
blk_-1379379987510648393,1,1,1,1,0,0,0,0,0,1,0.21900602380048056,NORMAL
blk_-1383276859207001328,1,1,1,0,0,1,0,0,0,-1,-0.09982907586517553,ANOMALY
blk_-1387034299358896632,1,1,1,0,0,0,0,0,0,1,0.1844708938516601,NORMAL
blk_-1417908110808566576,1,1,1,1,0,0,0,0,0,1,0.21900602380048056,NORMAL
blk_-1432303681669932458,1,1,1,2,0,0,0,0,0,1,0.17105675448234425,NORMAL
blk_-1435656632270396446,1,1,1,1,0,0,0,0,0,1,0.21900602380048056,NORMAL
blk_-1440254020029439248,1,1,1,1,0,0,0,0,0,1,0.21900602380048056,NORMAL
blk_-1442905060580014339,1,1,1,2,0,0,0,0,0,1,0.17105675448234425,NORMAL
blk_-1451819169209310732,1,1,1,0,0,0,1,0,0,1,0.12297016981752451,NORMAL
blk_-1484647023667047838,1,1,1,0,0,0,0,0,0,1,0.1844708938516601,NORMAL
blk_-1485109068671160157,1,1,1,1,0,0,0,0,0,1,0.21900602380048056,NORMAL
blk_-1485317050914225917,1,1,1,0,0,0,0,0,0,1,0.1844708938516601,NORMAL
blk_-1490623381339215624,1,1,1,0,0,0,0,0,0,1,0.1844708938516601,NORMAL
blk_-1492402439215451727,1,1,1,0,0,0,1,0,0,1,0.12297016981752451,NORMAL
blk_-1496429201748767714,1,1,1,1,0,0,0,0,0,1,0.21900602380048056,NORMAL
blk_-1508527605812345693,1,1,1,2,1,0,0,0,0,1,0.0,NORMAL
blk_-1522107359378428427,1,1,1,1,0,0,0,0,0,1,0.21900602380048056,NORMAL
blk_-1522998827901549925,1,1,1,1,0,0,0,0,0,1,0.21900602380048056,NORMAL
blk_-1525964299678787959,1,1,1,1,0,0,1,0,0,1,0.1150743353602891,NORMAL
blk_-1527267659500322006,1,1,1,0,0,0,0,0,0,1,0.1844708938516601,NORMAL
blk_-1533191386601391937,1,1,1,0,0,0,0,1,0,1,0.04491092989184653,NORMAL
blk_-1535908830476495455,1,1,1,0,0,0,1,0,0,1,0.12297016981752451,NORMAL
blk_-1547954353065580372,1,1,1,0,0,1,0,0,0,-1,-0.09982907586517553,ANOMALY
blk_-1573544581830458089,1,1,1,1,0,0,1,0,0,1,0.1150743353602891,NORMAL
blk_-1581605246928123722,1,1,1,0,0,0,1,0,0,1,0.12297016981752451,NORMAL
blk_-1592043549272047369,1,1,1,1,0,0,0,0,0,1,0.21900602380048056,NORMAL
blk_-1598760065436384831,1,1,1,0,0,0,1,0,0,1,0.12297016981752451,NORMAL
blk_-1599621098605751235,1,1,1,0,0,0,1,0,0,1,0.12297016981752451,NORMAL
blk_-1614641487214609125,1,1,1,1,0,0,0,0,0,1,0.21900602380048056,NORMAL
blk_-1635752698830216319,1,1,1,1,0,0,0,0,0,1,0.21900602380048056,NORMAL
blk_-1641081065757890722,1,1,1,1,0,0,1,0,0,1,0.1150743353602891,NORMAL
blk_-1649239999940418046,1,1,1,0,0,0,0,0,0,1,0.1844708938516601,NORMAL
blk_-165500353496111884,1,1,1,0,0,0,0,0,0,1,0.1844708938516601,NORMAL
blk_-1657856234642335063,1,1,1,2,0,0,0,0,0,1,0.17105675448234425,NORMAL
blk_-1661553043410372067,1,1,1,1,0,0,0,0,0,1,0.21900602380048056,NORMAL
blk_-1674094254141559552,1,1,1,0,0,0,0,1,0,1,0.04491092989184653,NORMAL
blk_-1675768179383804109,1,1,1,1,0,0,0,0,0,1,0.21900602380048056,NORMAL
blk_-1680175975862749862,1,1,1,1,0,0,1,0,0,1,0.1150743353602891,NORMAL
blk_-1680563440028826904,1,1,1,0,0,0,0,0,0,1,0.1844708938516601,NORMAL
blk_-1690784932539647416,1,1,1,2,0,0,0,0,0,1,0.17105675448234425,NORMAL
blk_-1693418636466747515,1,1,1,0,0,0,1,0,0,1,0.12297016981752451,NORMAL
blk_-1704027189958470814,1,1,1,1,0,0,0,0,0,1,0.21900602380048056,NORMAL
blk_-1727475099218615100,1,1,1,0,0,0,0,1,0,1,0.04491092989184653,NORMAL
blk_-1728983474612515818,1,1,1,2,0,0,0,0,0,1,0.17105675448234425,NORMAL
blk_-1732662141253491971,1,1,1,0,0,0,0,1,0,1,0.04491092989184653,NORMAL
blk_-1733026139299872187,1,1,1,2,0,0,0,0,0,1,0.17105675448234425,NORMAL
blk_-1733154814375651491,1,1,1,0,0,0,0,0,0,1,0.1844708938516601,NORMAL
blk_-1733803097614960767,1,1,1,0,0,0,0,0,0,1,0.1844708938516601,NORMAL
blk_-1750007847201154657,1,1,1,0,0,0,1,0,0,1,0.12297016981752451,NORMAL
blk_-1751996688557225241,1,1,1,0,0,0,0,0,0,1,0.1844708938516601,NORMAL
blk_-1753161039594546561,1,1,1,2,0,0,0,0,0,1,0.17105675448234425,NORMAL
blk_-1754204887541031211,1,1,1,0,0,0,1,0,0,1,0.12297016981752451,NORMAL
blk_-1755309160709170318,1,1,1,1,0,0,1,0,0,1,0.1150743353602891,NORMAL
blk_-17685631368401548,1,1,1,0,0,0,0,1,0,1,0.04491092989184653,NORMAL
blk_-1775264355226395799,1,1,1,0,0,0,1,0,0,1,0.12297016981752451,NORMAL
blk_-178934379749864379,1,1,1,2,0,0,0,0,0,1,0.17105675448234425,NORMAL
blk_-1798958443298220150,1,1,1,2,0,0,0,0,0,1,0.17105675448234425,NORMAL
blk_-1800458850981311953,1,1,1,0,0,0,1,0,0,1,0.12297016981752451,NORMAL
blk_-1821104627978106102,1,1,1,1,0,0,0,0,0,1,0.21900602380048056,NORMAL
blk_-1842096107468319932,1,1,1,0,0,0,0,0,0,1,0.1844708938516601,NORMAL
blk_-1846853350696018836,1,1,1,1,0,0,0,0,0,1,0.21900602380048056,NORMAL
blk_-1849105860762445186,1,1,1,1,0,0,0,0,0,1,0.21900602380048056,NORMAL
blk_-1851265222873801714,1,1,1,2,1,0,0,0,0,1,0.0,NORMAL
blk_-185994527242886002,1,1,1,1,0,0,0,0,0,1,0.21900602380048056,NORMAL
blk_-1868325377308234190,1,1,1,2,0,0,0,0,0,1,0.17105675448234425,NORMAL
blk_-1897524391075610396,1,1,1,0,0,0,1,0,0,1,0.12297016981752451,NORMAL
blk_-190773840747023361,1,1,1,0,0,0,0,0,0,1,0.1844708938516601,NORMAL
blk_-1910608563003942187,1,1,1,0,0,0,0,0,0,1,0.1844708938516601,NORMAL
blk_-191333338640084691,1,1,1,0,0,0,0,0,0,1,0.1844708938516601,NORMAL
blk_-1932467763723526131,1,1,1,1,0,0,0,0,0,1,0.21900602380048056,NORMAL
blk_-1939956833921604216,1,1,1,0,0,0,1,0,0,1,0.12297016981752451,NORMAL
blk_-1941312615450572331,1,1,1,0,0,0,0,1,0,1,0.04491092989184653,NORMAL
blk_-1948505589144820414,1,1,1,1,0,0,0,0,0,1,0.21900602380048056,NORMAL
blk_-1956140031907143783,1,1,1,1,0,0,0,0,0,1,0.21900602380048056,NORMAL
blk_-1957299792594627113,1,1,1,0,0,0,0,0,0,1,0.1844708938516601,NORMAL
blk_-1970947032352756307,1,1,1,1,0,0,0,0,0,1,0.21900602380048056,NORMAL
blk_-2004529166303428909,1,1,1,0,0,0,0,1,0,1,0.04491092989184653,NORMAL
blk_-2012430628930443984,1,1,1,1,0,0,1,0,0,1,0.1150743353602891,NORMAL
blk_-2013946318750925538,1,1,1,1,0,0,0,0,0,1,0.21900602380048056,NORMAL
blk_-2014243777892518956,1,1,1,0,0,0,0,0,0,1,0.1844708938516601,NORMAL
blk_-2015110815660478655,1,1,1,2,0,0,0,0,0,1,0.17105675448234425,NORMAL
blk_-2016403519138424998,1,1,1,0,0,0,0,1,0,1,0.04491092989184653,NORMAL
blk_-2020273862360001901,1,1,1,1,0,0,0,0,0,1,0.21900602380048056,NORMAL
blk_-2023442822091562967,1,1,1,1,0,0,0,0,0,1,0.21900602380048056,NORMAL
blk_-2025578204394955498,1,1,1,1,0,0,1,0,0,1,0.1150743353602891,NORMAL
blk_-2025617675484194470,1,1,1,0,0,0,0,0,0,1,0.1844708938516601,NORMAL
blk_-20269367189114433,1,1,1,2,1,0,0,0,0,1,0.0,NORMAL
blk_-2032740670708110312,1,1,1,2,1,0,0,0,0,1,0.0,NORMAL
blk_-2035996502664501008,1,1,1,1,0,0,0,0,0,1,0.21900602380048056,NORMAL
blk_-2051219911597308805,1,1,1,0,0,0,0,1,0,1,0.04491092989184653,NORMAL
blk_-2068111211565768713,1,1,1,0,0,0,0,0,0,1,0.1844708938516601,NORMAL
blk_-2073265102548439691,1,1,1,0,0,0,0,1,0,1,0.04491092989184653,NORMAL
blk_-207775976836691685,1,1,1,0,0,0,0,1,0,1,0.04491092989184653,NORMAL
blk_-2082401934988378573,1,1,1,1,0,0,0,0,0,1,0.21900602380048056,NORMAL
blk_-2094397855762091248,1,1,1,1,0,0,0,0,0,1,0.21900602380048056,NORMAL
blk_-2098161025946048013,1,1,1,0,0,0,1,0,0,1,0.12297016981752451,NORMAL
blk_-210021574616486609,1,1,1,0,0,0,0,1,0,1,0.04491092989184653,NORMAL
blk_-2117066166574895060,1,1,1,1,0,0,0,0,0,1,0.21900602380048056,NORMAL
blk_-2125743956855238111,1,1,1,1,0,0,0,0,0,1,0.21900602380048056,NORMAL
blk_-2129171714384027465,1,1,1,1,0,0,0,0,0,1,0.21900602380048056,NORMAL
blk_-2141627858612526069,1,1,1,1,0,0,0,0,0,1,0.21900602380048056,NORMAL
blk_-2144263949276079479,1,1,1,1,0,0,0,0,0,1,0.21900602380048056,NORMAL
blk_-2151458111813215098,1,1,1,1,0,0,0,0,0,1,0.21900602380048056,NORMAL
blk_-2192382893903170466,1,1,1,2,0,0,0,0,0,1,0.17105675448234425,NORMAL
blk_-2194976790278647102,1,1,1,1,0,0,0,0,0,1,0.21900602380048056,NORMAL
blk_-2210703755506918304,1,1,1,0,0,0,1,0,0,1,0.12297016981752451,NORMAL
blk_-2225353020301959077,1,1,1,1,0,0,1,0,0,1,0.1150743353602891,NORMAL
blk_-2230892279625104430,1,1,1,0,0,0,0,1,0,1,0.04491092989184653,NORMAL
blk_-2242088550278361724,1,1,1,1,0,0,0,0,0,1,0.21900602380048056,NORMAL
blk_-2243784245784480521,1,1,1,1,0,0,0,0,0,1,0.21900602380048056,NORMAL
blk_-2250942073136893488,1,1,1,2,0,0,0,0,0,1,0.17105675448234425,NORMAL
blk_-2268450354164990110,1,1,1,0,0,0,0,0,0,1,0.1844708938516601,NORMAL
blk_-2268477281422551537,1,1,1,0,0,0,0,0,0,1,0.1844708938516601,NORMAL
blk_-227411387418683230,1,1,1,1,0,0,0,0,0,1,0.21900602380048056,NORMAL
blk_-2281067667503210140,1,1,1,1,0,0,0,0,0,1,0.21900602380048056,NORMAL
blk_-2285729896739318683,1,1,1,2,0,0,0,0,0,1,0.17105675448234425,NORMAL
blk_-2313277713021896570,1,1,1,2,0,0,0,0,0,1,0.17105675448234425,NORMAL
blk_-2321016155994168744,1,1,1,1,0,0,0,0,0,1,0.21900602380048056,NORMAL
blk_-2332150303475653460,1,1,1,1,0,0,0,0,0,1,0.21900602380048056,NORMAL
blk_-2345355483730155757,1,1,1,1,0,0,0,0,0,1,0.21900602380048056,NORMAL
blk_-23492739449820023,1,1,1,1,0,0,0,0,0,1,0.21900602380048056,NORMAL
blk_-2402036602753320612,1,1,1,1,0,0,0,0,0,1,0.21900602380048056,NORMAL
blk_-2421414377433740760,1,1,1,0,0,0,0,0,0,1,0.1844708938516601,NORMAL
blk_-2425070029518924403,1,1,1,0,0,0,1,0,0,1,0.12297016981752451,NORMAL
blk_-2439225174716664723,1,1,1,1,0,0,1,0,0,1,0.1150743353602891,NORMAL
blk_-2445347158368483245,1,1,1,0,0,0,1,0,0,1,0.12297016981752451,NORMAL
blk_-2451769929123196359,1,1,1,1,0,0,1,0,0,1,0.1150743353602891,NORMAL
blk_-2452477352812192142,1,1,1,1,0,0,0,0,0,1,0.21900602380048056,NORMAL
blk_-2466006073687914843,1,1,1,0,0,0,0,0,0,1,0.1844708938516601,NORMAL
blk_-2480595760294717232,1,1,1,1,0,0,0,0,0,1,0.21900602380048056,NORMAL
blk_-2492400942012223395,1,1,1,1,0,0,1,0,0,1,0.1150743353602891,NORMAL
blk_-2506231977021079951,1,1,1,2,0,0,0,0,0,1,0.17105675448234425,NORMAL
blk_-2518425063392446785,1,1,1,0,0,0,1,0,0,1,0.12297016981752451,NORMAL
blk_-2530087534157630851,1,1,1,1,0,0,0,0,0,1,0.21900602380048056,NORMAL
blk_-253282915050290778,1,1,1,0,0,0,1,0,0,1,0.12297016981752451,NORMAL
blk_-2541428592126088938,1,1,1,0,0,0,0,1,0,1,0.04491092989184653,NORMAL
blk_-2557432794238860908,1,1,1,2,0,0,0,0,0,1,0.17105675448234425,NORMAL
blk_-2583370070230800221,1,1,1,2,0,0,0,0,0,1,0.17105675448234425,NORMAL
blk_-2589662411410634043,1,1,1,1,0,0,1,0,0,1,0.1150743353602891,NORMAL
blk_-2591043665372016488,1,1,1,0,0,0,0,0,0,1,0.1844708938516601,NORMAL
blk_-2600305892036631113,1,1,1,1,0,0,0,0,0,1,0.21900602380048056,NORMAL
blk_-2654726224018724510,1,1,1,1,0,0,0,0,0,1,0.21900602380048056,NORMAL
blk_-265588615173040885,1,1,1,1,0,0,0,0,0,1,0.21900602380048056,NORMAL
blk_-2656323385657954732,1,1,1,2,0,0,0,0,0,1,0.17105675448234425,NORMAL
blk_-26568864070436835,1,1,1,0,0,0,0,0,0,1,0.1844708938516601,NORMAL
blk_-2658615574293326723,1,1,1,0,0,0,1,0,0,1,0.12297016981752451,NORMAL
blk_-2667669005094349452,1,1,1,2,0,0,0,0,0,1,0.17105675448234425,NORMAL
blk_-2680500627064966252,1,1,1,0,0,0,0,0,0,1,0.1844708938516601,NORMAL
blk_-2722768686407017386,1,1,1,0,0,0,1,0,0,1,0.12297016981752451,NORMAL
blk_-272707591443354058,1,1,1,2,1,0,0,0,0,1,0.0,NORMAL
blk_-2746863406163228797,1,1,1,2,0,0,0,0,0,1,0.17105675448234425,NORMAL
blk_-2780312306380730204,1,1,1,0,0,0,0,0,0,1,0.1844708938516601,NORMAL
blk_-2794533871450434534,1,1,1,2,0,0,0,0,0,1,0.17105675448234425,NORMAL
blk_-2808875502459981198,1,1,1,0,0,0,1,0,0,1,0.12297016981752451,NORMAL
blk_-2826763604408365998,1,1,1,0,0,0,1,0,0,1,0.12297016981752451,NORMAL
blk_-2827716238972737794,1,1,1,0,0,1,0,0,0,-1,-0.09982907586517553,ANOMALY
blk_-2834195813213005328,1,1,1,1,0,0,1,0,0,1,0.1150743353602891,NORMAL
blk_-28342503914935090,1,1,1,2,0,0,0,0,0,1,0.17105675448234425,NORMAL
blk_-2843780069100181052,1,1,1,1,0,0,0,0,0,1,0.21900602380048056,NORMAL
blk_-2852294661215451806,1,1,1,1,0,0,0,0,0,1,0.21900602380048056,NORMAL
blk_-2856928563366064757,1,1,1,1,0,0,0,0,0,1,0.21900602380048056,NORMAL
blk_-2890295200276774269,1,1,1,0,0,0,1,0,0,1,0.12297016981752451,NORMAL
blk_-2895171018912807248,1,1,1,1,0,0,0,0,0,1,0.21900602380048056,NORMAL
blk_-2896670847306153652,1,1,1,0,0,0,0,0,0,1,0.1844708938516601,NORMAL
blk_-2901225370888235702,1,1,1,2,0,0,0,0,0,1,0.17105675448234425,NORMAL
blk_-2901266958756042716,1,1,1,2,0,0,0,0,0,1,0.17105675448234425,NORMAL
blk_-2907776069874917892,1,1,1,1,0,0,1,0,0,1,0.1150743353602891,NORMAL
blk_-290874442865281380,1,1,1,1,0,0,0,0,0,1,0.21900602380048056,NORMAL
blk_-2916658835497879256,1,1,1,1,0,0,0,0,0,1,0.21900602380048056,NORMAL
blk_-2918118818249673980,1,1,1,2,1,0,0,0,0,1,0.0,NORMAL
blk_-2923662094689783995,1,1,1,0,0,0,1,0,0,1,0.12297016981752451,NORMAL
blk_-2929627680703662712,1,1,1,0,0,0,1,0,0,1,0.12297016981752451,NORMAL
blk_-2934265883100282310,1,1,1,1,0,0,0,0,0,1,0.21900602380048056,NORMAL
blk_-2935178173527646581,1,1,1,1,0,0,0,0,0,1,0.21900602380048056,NORMAL
blk_-295306975763175640,1,1,1,2,0,0,0,0,0,1,0.17105675448234425,NORMAL
blk_-29548654251973735,1,1,1,1,0,0,0,0,0,1,0.21900602380048056,NORMAL
blk_-2959268996938658555,1,1,1,1,0,0,0,0,0,1,0.21900602380048056,NORMAL
blk_-2975629975082443857,1,1,1,2,0,0,0,0,0,1,0.17105675448234425,NORMAL
blk_-2989288139685694818,1,1,1,2,0,0,0,0,0,1,0.17105675448234425,NORMAL
blk_-3010126661650043258,1,1,1,0,0,0,0,1,0,1,0.04491092989184653,NORMAL
blk_-3023983271692989109,1,1,1,1,0,0,0,0,0,1,0.21900602380048056,NORMAL
blk_-3025440686907267472,1,1,1,0,0,0,0,0,0,1,0.1844708938516601,NORMAL
blk_-3055230140330616860,1,1,1,0,0,0,0,1,0,1,0.04491092989184653,NORMAL
blk_-305633040016166849,1,1,1,2,1,0,0,0,0,1,0.0,NORMAL
blk_-3056652732896088330,1,1,1,2,1,0,0,0,0,1,0.0,NORMAL
blk_-309134958179110212,1,1,1,2,0,0,0,0,0,1,0.17105675448234425,NORMAL
blk_-3091906986951252347,1,1,1,0,0,0,0,1,0,1,0.04491092989184653,NORMAL
blk_-3134225108208373949,1,1,1,2,0,0,0,0,0,1,0.17105675448234425,NORMAL
blk_-3140031507252212554,1,1,1,2,1,0,0,0,0,1,0.0,NORMAL
blk_-3140754468249228022,1,1,1,2,1,0,0,0,0,1,0.0,NORMAL
blk_-3152434225121092058,1,1,1,0,0,0,0,1,0,1,0.04491092989184653,NORMAL
blk_-3157541550945505354,1,1,1,2,0,0,0,0,0,1,0.17105675448234425,NORMAL
blk_-3170270010972115378,1,1,1,1,0,0,0,0,0,1,0.21900602380048056,NORMAL
blk_-3172594752427649592,1,1,1,2,0,0,0,0,0,1,0.17105675448234425,NORMAL
blk_-3183355402229300197,1,1,1,0,0,0,0,0,0,1,0.1844708938516601,NORMAL
blk_-3184700311670257792,1,1,1,1,0,0,0,0,0,1,0.21900602380048056,NORMAL
blk_-3187293586306086277,1,1,1,2,0,0,0,0,0,1,0.17105675448234425,NORMAL
blk_-3225035678192156905,1,1,1,1,0,0,1,0,0,1,0.1150743353602891,NORMAL
blk_-3228470001178394592,1,1,1,0,0,0,0,0,0,1,0.1844708938516601,NORMAL
blk_-323838382557775734,1,1,1,1,0,0,1,0,0,1,0.1150743353602891,NORMAL
blk_-3242342105286997235,1,1,1,1,0,0,1,0,0,1,0.1150743353602891,NORMAL
blk_-3249711809227781266,1,1,1,1,0,0,0,0,0,1,0.21900602380048056,NORMAL
blk_-3253005280055520211,1,1,1,1,0,0,0,0,0,1,0.21900602380048056,NORMAL
blk_-3261177124784025140,1,1,1,2,0,0,0,0,0,1,0.17105675448234425,NORMAL
blk_-3265479347842446682,1,1,1,2,0,0,0,0,0,1,0.17105675448234425,NORMAL
blk_-3275237990609680332,1,1,1,1,0,0,0,0,0,1,0.21900602380048056,NORMAL
blk_-3275788837420923000,1,1,1,1,0,0,1,0,0,1,0.1150743353602891,NORMAL
blk_-3276232266876914214,1,1,1,1,0,0,0,0,0,1,0.21900602380048056,NORMAL
blk_-3283153974358895314,1,1,1,1,0,0,0,0,0,1,0.21900602380048056,NORMAL
blk_-328970571549408286,1,1,1,1,0,0,1,0,0,1,0.1150743353602891,NORMAL
blk_-3295982945091621137,1,1,1,0,0,0,0,0,0,1,0.1844708938516601,NORMAL
blk_-3300851862683571086,1,1,1,1,0,0,0,0,0,1,0.21900602380048056,NORMAL
blk_-3316519570098743145,1,1,1,1,0,0,1,0,0,1,0.1150743353602891,NORMAL
blk_-3329473910909732817,1,1,1,1,0,0,0,0,0,1,0.21900602380048056,NORMAL
blk_-3339018122410311668,1,1,1,0,0,0,0,0,0,1,0.1844708938516601,NORMAL
blk_-3358448553918665902,1,1,1,2,0,0,0,0,0,1,0.17105675448234425,NORMAL
blk_-3362838757940877177,1,1,1,1,0,0,1,0,0,1,0.1150743353602891,NORMAL
blk_-3363550789841756902,1,1,1,0,0,0,0,0,0,1,0.1844708938516601,NORMAL
blk_-337665304078248571,1,1,1,2,0,0,0,0,0,1,0.17105675448234425,NORMAL
blk_-337972286882621518,1,1,1,1,0,0,0,0,0,1,0.21900602380048056,NORMAL
blk_-3384560576963801177,1,1,1,2,0,0,0,0,0,1,0.17105675448234425,NORMAL
blk_-3396836569886642130,1,1,1,0,0,0,1,0,0,1,0.12297016981752451,NORMAL
blk_-3402248757106237109,1,1,1,0,0,0,0,0,0,1,0.1844708938516601,NORMAL
blk_-3417101330634563680,1,1,1,2,0,0,0,0,0,1,0.17105675448234425,NORMAL
blk_-3436382429367583573,1,1,1,1,0,0,0,0,0,1,0.21900602380048056,NORMAL
blk_-3437475890798229344,1,1,1,0,0,0,1,0,0,1,0.12297016981752451,NORMAL
blk_-3452734573703603740,1,1,1,0,0,0,0,0,0,1,0.1844708938516601,NORMAL
blk_-3455521536483250153,1,1,1,1,0,0,0,0,0,1,0.21900602380048056,NORMAL
blk_-3457731723401426942,1,1,1,2,0,0,0,0,0,1,0.17105675448234425,NORMAL
blk_-3482997549732691785,1,1,1,1,0,0,0,0,0,1,0.21900602380048056,NORMAL
blk_-3486808304671603275,1,1,1,2,0,0,0,0,0,1,0.17105675448234425,NORMAL
blk_-3491385689517593364,1,1,1,1,0,0,0,0,0,1,0.21900602380048056,NORMAL
blk_-3509323198988774369,1,1,1,2,0,0,0,0,0,1,0.17105675448234425,NORMAL
blk_-3510473878877779134,1,1,1,1,0,0,0,0,0,1,0.21900602380048056,NORMAL
blk_-352190670750948803,1,1,1,0,0,0,0,0,0,1,0.1844708938516601,NORMAL
blk_-3522956055443924791,1,1,1,0,0,0,0,1,0,1,0.04491092989184653,NORMAL
blk_-3564493590065542578,1,1,1,0,0,0,1,0,0,1,0.12297016981752451,NORMAL
blk_-3572295706132449090,1,1,1,2,1,0,0,0,0,1,0.0,NORMAL
blk_-3573208405519699182,1,1,1,1,0,0,0,0,0,1,0.21900602380048056,NORMAL
blk_-3575568207121859434,1,1,1,1,0,0,0,0,0,1,0.21900602380048056,NORMAL
blk_-3575718350717794894,1,1,1,0,0,0,1,0,0,1,0.12297016981752451,NORMAL
blk_-357695136519539363,1,1,1,0,0,0,0,0,0,1,0.1844708938516601,NORMAL
blk_-3582070652284403613,1,1,1,1,0,0,1,0,0,1,0.1150743353602891,NORMAL
blk_-3594701313167635091,1,1,1,0,0,0,1,0,0,1,0.12297016981752451,NORMAL
blk_-3607708283707030582,1,1,1,0,0,0,1,0,0,1,0.12297016981752451,NORMAL
blk_-3607860197409267245,1,1,1,1,0,0,0,0,0,1,0.21900602380048056,NORMAL
blk_-3612946656596896413,1,1,1,2,0,0,0,0,0,1,0.17105675448234425,NORMAL
blk_-3620767662957963389,1,1,1,1,0,0,0,0,0,1,0.21900602380048056,NORMAL
blk_-3622135859810774312,1,1,1,1,0,0,0,0,0,1,0.21900602380048056,NORMAL
blk_-3636681193077858741,1,1,1,0,0,0,1,0,0,1,0.12297016981752451,NORMAL
blk_-3657665801189425193,1,1,1,2,0,0,0,0,0,1,0.17105675448234425,NORMAL
blk_-3657751236932275338,1,1,1,2,0,0,0,0,0,1,0.17105675448234425,NORMAL
blk_-3663004104512304532,1,1,1,1,0,0,0,0,0,1,0.21900602380048056,NORMAL
blk_-3671953658029337449,1,1,1,1,0,0,1,0,0,1,0.1150743353602891,NORMAL
blk_-3673133694834392576,1,1,1,2,0,0,0,0,0,1,0.17105675448234425,NORMAL
blk_-3677956642639780952,1,1,1,1,0,0,0,0,0,1,0.21900602380048056,NORMAL
blk_-3681974396824196300,1,1,1,1,0,0,1,0,0,1,0.1150743353602891,NORMAL
blk_-3684613761619321001,1,1,1,1,0,0,0,0,0,1,0.21900602380048056,NORMAL
blk_-3693786175267111588,1,1,1,1,0,0,0,0,0,1,0.21900602380048056,NORMAL
blk_-3696162841836791939,1,1,1,2,0,0,0,0,0,1,0.17105675448234425,NORMAL
blk_-3702595599317472079,1,1,1,1,0,0,0,0,0,1,0.21900602380048056,NORMAL
blk_-3710747952520609225,1,1,1,0,0,0,0,0,0,1,0.1844708938516601,NORMAL
blk_-3724350946705225881,1,1,1,1,0,0,0,0,0,1,0.21900602380048056,NORMAL
blk_-3734839878416656496,1,1,1,1,0,0,0,0,0,1,0.21900602380048056,NORMAL
blk_-3738901473077208093,1,1,1,2,0,0,0,0,0,1,0.17105675448234425,NORMAL
blk_-3741526967786688540,1,1,1,1,0,0,0,0,0,1,0.21900602380048056,NORMAL
blk_-3752135158991310104,1,1,1,2,0,0,0,0,0,1,0.17105675448234425,NORMAL
blk_-3754029959138975487,1,1,1,1,0,0,1,0,0,1,0.1150743353602891,NORMAL
blk_-3787594914477940893,1,1,1,1,0,0,0,0,0,1,0.21900602380048056,NORMAL
blk_-3792836284792472725,1,1,1,1,0,0,1,0,0,1,0.1150743353602891,NORMAL
blk_-3802183646922512795,1,1,1,0,0,0,0,0,0,1,0.1844708938516601,NORMAL
blk_-3805070405372551730,1,1,1,1,0,0,0,0,0,1,0.21900602380048056,NORMAL
blk_-3816036740130815667,1,1,1,1,0,0,0,0,0,1,0.21900602380048056,NORMAL
blk_-3845286823494684378,1,1,1,1,0,0,0,0,0,1,0.21900602380048056,NORMAL
blk_-3854777877236596649,1,1,1,1,0,0,1,0,0,1,0.1150743353602891,NORMAL
blk_-3860035787700398391,1,1,1,0,0,0,1,0,0,1,0.12297016981752451,NORMAL
blk_-3860894070657427592,1,1,1,2,0,0,0,0,0,1,0.17105675448234425,NORMAL
blk_-3884471885525630813,1,1,1,2,0,0,0,0,0,1,0.17105675448234425,NORMAL
blk_-3888538223380979891,1,1,1,1,0,0,0,0,0,1,0.21900602380048056,NORMAL
blk_-3894803026385053344,1,1,1,1,0,0,1,0,0,1,0.1150743353602891,NORMAL
blk_-3897674589140998025,1,1,1,1,0,0,0,0,0,1,0.21900602380048056,NORMAL
blk_-3909548841543565741,1,1,1,1,0,0,0,0,0,1,0.21900602380048056,NORMAL
blk_-3922743468150895472,1,1,1,1,0,0,0,0,0,1,0.21900602380048056,NORMAL
blk_-3949633496933134307,1,1,1,1,0,0,0,0,0,1,0.21900602380048056,NORMAL
blk_-3955287039966096707,1,1,1,1,0,0,0,0,0,1,0.21900602380048056,NORMAL
blk_-3967261531426400230,1,1,1,0,0,0,0,0,0,1,0.1844708938516601,NORMAL
blk_-3981735565440284420,1,1,1,1,0,0,0,0,0,1,0.21900602380048056,NORMAL
blk_-3990317238913332296,1,1,1,1,0,0,0,0,0,1,0.21900602380048056,NORMAL
blk_-4034227974316905164,1,1,1,1,0,0,0,0,0,1,0.21900602380048056,NORMAL
blk_-4052810234606327693,1,1,1,1,0,0,0,0,0,1,0.21900602380048056,NORMAL
blk_-4067446915270471579,1,1,1,1,0,0,0,0,0,1,0.21900602380048056,NORMAL
blk_-4068751061953213467,1,1,1,0,0,0,0,0,0,1,0.1844708938516601,NORMAL
blk_-4071286774767564790,1,1,1,1,0,0,0,0,0,1,0.21900602380048056,NORMAL
blk_-4092973201423074374,1,1,1,1,0,0,0,0,0,1,0.21900602380048056,NORMAL
blk_-409558225151784282,1,1,1,1,0,0,0,0,0,1,0.21900602380048056,NORMAL
blk_-4110699195744660699,1,1,1,0,0,0,1,0,0,1,0.12297016981752451,NORMAL
blk_-4110733372292809607,1,1,1,1,0,0,0,0,0,1,0.21900602380048056,NORMAL
blk_-4117999745005013424,1,1,1,0,0,1,0,0,0,-1,-0.09982907586517553,ANOMALY
blk_-4139299269696044017,1,1,1,0,0,0,0,1,0,1,0.04491092989184653,NORMAL
blk_-4149539113118855204,1,1,1,1,0,0,1,0,0,1,0.1150743353602891,NORMAL
blk_-4165176068096983220,1,1,1,0,0,0,1,0,0,1,0.12297016981752451,NORMAL
blk_-4165562468976768862,1,1,1,0,0,0,0,0,0,1,0.1844708938516601,NORMAL
blk_-4174618838156947380,1,1,1,1,0,0,0,0,0,1,0.21900602380048056,NORMAL
blk_-4181768899028058192,1,1,1,2,1,0,0,0,0,1,0.0,NORMAL
blk_-41928108292416895,1,1,1,0,0,0,0,0,0,1,0.1844708938516601,NORMAL
blk_-4196449318426994195,1,1,1,0,0,0,0,0,0,1,0.1844708938516601,NORMAL
blk_-420564586555502239,1,1,1,1,0,0,0,0,0,1,0.21900602380048056,NORMAL
blk_-420818767915591010,1,1,1,1,0,0,0,0,0,1,0.21900602380048056,NORMAL
blk_-4208396523159735354,1,1,1,1,0,0,0,0,0,1,0.21900602380048056,NORMAL
blk_-4223625526513535681,1,1,1,0,0,0,1,0,0,1,0.12297016981752451,NORMAL
blk_-4229375751333894621,1,1,1,0,0,0,0,0,0,1,0.1844708938516601,NORMAL
blk_-424018194735922479,1,1,1,1,0,0,1,0,0,1,0.1150743353602891,NORMAL
blk_-4265150363959543078,1,1,1,1,0,0,1,0,0,1,0.1150743353602891,NORMAL
blk_-4269939382058952254,1,1,1,1,0,0,1,0,0,1,0.1150743353602891,NORMAL
blk_-4289592006812254261,1,1,1,0,0,0,0,0,0,1,0.1844708938516601,NORMAL
blk_-4295805058711840933,1,1,1,0,0,0,1,0,0,1,0.12297016981752451,NORMAL
blk_-4298255715894292387,1,1,1,0,0,0,1,0,0,1,0.12297016981752451,NORMAL
blk_-4301178988618507084,1,1,1,0,0,0,1,0,0,1,0.12297016981752451,NORMAL
blk_-4304240611296196935,1,1,1,0,0,0,1,0,0,1,0.12297016981752451,NORMAL
blk_-4311652947826112510,1,1,1,0,0,0,1,0,0,1,0.12297016981752451,NORMAL
blk_-4312777901444596370,1,1,1,0,0,0,0,1,0,1,0.04491092989184653,NORMAL
blk_-4325209272072286951,1,1,1,0,0,0,0,0,0,1,0.1844708938516601,NORMAL
blk_-4330512786228504138,1,1,1,1,0,0,0,0,0,1,0.21900602380048056,NORMAL
blk_-4334868513923498900,1,1,1,2,0,0,0,0,0,1,0.17105675448234425,NORMAL
blk_-4342304152206614489,1,1,1,1,0,0,0,0,0,1,0.21900602380048056,NORMAL
blk_-4347054230277727863,1,1,1,1,0,0,0,0,0,1,0.21900602380048056,NORMAL
blk_-4352313989800650828,1,1,1,0,0,0,1,0,0,1,0.12297016981752451,NORMAL
blk_-4358842839092719327,1,1,1,1,0,0,0,0,0,1,0.21900602380048056,NORMAL
blk_-4365612131648152536,1,1,1,2,0,0,0,0,0,1,0.17105675448234425,NORMAL
blk_-4368236874477798428,1,1,1,0,0,0,1,0,0,1,0.12297016981752451,NORMAL
blk_-4380385204018751771,1,1,1,0,0,0,1,0,0,1,0.12297016981752451,NORMAL
blk_-4385347171136037814,1,1,1,1,0,0,1,0,0,1,0.1150743353602891,NORMAL
blk_-4390972361898978900,1,1,1,0,0,0,0,1,0,1,0.04491092989184653,NORMAL
blk_-4405302133414008227,1,1,1,1,0,0,0,0,0,1,0.21900602380048056,NORMAL
blk_-4411589101766563890,2,2,2,2,0,0,0,0,4500,-1,-0.001881077388657948,ANOMALY
blk_-4424971182856566289,1,1,1,0,0,0,0,0,0,1,0.1844708938516601,NORMAL
blk_-4427507243535536615,1,1,1,1,0,0,0,0,0,1,0.21900602380048056,NORMAL
blk_-4430291708660291878,1,1,1,0,0,0,0,0,0,1,0.1844708938516601,NORMAL
blk_-4433556521525567493,1,1,1,1,0,0,0,0,0,1,0.21900602380048056,NORMAL
blk_-4434479572312007079,1,1,1,2,0,0,0,0,0,1,0.17105675448234425,NORMAL
blk_-4438918035940270891,1,1,1,1,0,0,1,0,0,1,0.1150743353602891,NORMAL
blk_-4455205822455130625,1,1,1,1,0,0,0,0,0,1,0.21900602380048056,NORMAL
blk_-4468166796563085237,1,1,1,2,0,0,0,0,0,1,0.17105675448234425,NORMAL
blk_-4468645577339843974,1,1,1,0,0,0,0,1,0,1,0.04491092989184653,NORMAL
blk_-4473020641607592551,1,1,1,2,0,0,0,0,0,1,0.17105675448234425,NORMAL
blk_-4473277914543734578,1,1,1,2,0,0,0,0,0,1,0.17105675448234425,NORMAL
blk_-4510259260131940043,1,1,1,1,0,0,0,0,0,1,0.21900602380048056,NORMAL
blk_-4526931594457272384,1,1,1,2,0,0,0,0,0,1,0.17105675448234425,NORMAL
blk_-4551689611865410817,1,1,1,0,0,0,1,0,0,1,0.12297016981752451,NORMAL
blk_-4566099704755845087,1,1,1,0,0,0,0,0,0,1,0.1844708938516601,NORMAL
blk_-4578850505370039622,1,1,1,0,0,0,0,0,0,1,0.1844708938516601,NORMAL
blk_-4582442491366282435,1,1,1,0,0,0,0,0,0,1,0.1844708938516601,NORMAL
blk_-4590972095204776122,1,1,1,2,1,0,0,0,0,1,0.0,NORMAL
blk_-4595094649363595358,1,1,1,1,0,0,0,0,0,1,0.21900602380048056,NORMAL
blk_-4598246018559857954,1,1,1,0,0,0,1,0,0,1,0.12297016981752451,NORMAL
blk_-4619809198345103330,1,1,1,1,0,0,0,0,0,1,0.21900602380048056,NORMAL
blk_-4624597753370705281,1,1,1,0,0,0,0,0,0,1,0.1844708938516601,NORMAL
blk_-4633546693082073737,1,1,1,0,0,0,0,0,0,1,0.1844708938516601,NORMAL
blk_-463998587096565542,1,1,1,0,0,0,0,1,0,1,0.04491092989184653,NORMAL
blk_-4651707530079874243,1,1,1,1,0,0,0,0,0,1,0.21900602380048056,NORMAL
blk_-4654885003331291932,1,1,1,0,0,0,0,1,0,1,0.04491092989184653,NORMAL
blk_-4655280636272058732,1,1,1,2,0,0,0,0,0,1,0.17105675448234425,NORMAL
blk_-4657423175636611807,1,1,1,1,0,0,1,0,0,1,0.1150743353602891,NORMAL
blk_-4657886075935807358,1,1,1,2,0,0,0,0,0,1,0.17105675448234425,NORMAL
blk_-4673509946769671609,1,1,1,2,0,0,0,0,0,1,0.17105675448234425,NORMAL
blk_-4681205519208992498,1,1,1,1,0,0,1,0,0,1,0.1150743353602891,NORMAL
blk_-4684475480143348818,1,1,1,0,0,0,0,0,0,1,0.1844708938516601,NORMAL
blk_-468830939205980722,1,1,1,0,0,0,1,0,0,1,0.12297016981752451,NORMAL
blk_-4702684774678057084,1,1,1,1,0,0,1,0,0,1,0.1150743353602891,NORMAL
blk_-4737948505610037427,1,1,1,2,1,0,0,0,0,1,0.0,NORMAL
blk_-4741127506068309449,1,1,1,1,0,0,0,0,0,1,0.21900602380048056,NORMAL
blk_-476906696485288376,1,1,1,1,0,0,0,0,0,1,0.21900602380048056,NORMAL
blk_-4775386099844009890,1,1,1,1,0,0,0,0,0,1,0.21900602380048056,NORMAL
blk_-4779205255695723216,1,1,1,0,0,0,0,0,0,1,0.1844708938516601,NORMAL
blk_-4794867979917102672,1,1,1,1,0,0,0,0,0,1,0.21900602380048056,NORMAL
blk_-4799092443170733505,1,1,1,0,0,0,0,0,0,1,0.1844708938516601,NORMAL
blk_-4801855948459616884,1,1,1,0,0,0,0,1,0,1,0.04491092989184653,NORMAL
blk_-4831379247767940447,1,1,1,2,0,0,0,0,0,1,0.17105675448234425,NORMAL
blk_-4841792440390267307,1,1,1,2,1,0,0,0,0,1,0.0,NORMAL
blk_-4844505495441326897,1,1,1,0,0,0,1,0,0,1,0.12297016981752451,NORMAL
blk_-4846710336436578833,1,1,1,1,0,0,0,0,0,1,0.21900602380048056,NORMAL
blk_-4853183643928986291,1,1,1,0,0,0,0,0,0,1,0.1844708938516601,NORMAL
blk_-4854562124894030819,1,1,1,2,0,0,0,0,0,1,0.17105675448234425,NORMAL
blk_-4861262918414696307,1,1,1,2,0,0,0,0,0,1,0.17105675448234425,NORMAL
blk_-4875138366845786590,1,1,1,1,0,0,0,0,0,1,0.21900602380048056,NORMAL
blk_-488298625688742454,1,1,1,0,0,0,0,1,0,1,0.04491092989184653,NORMAL
blk_-490230821467544285,1,1,1,1,0,0,1,0,0,1,0.1150743353602891,NORMAL
blk_-4917866339076366459,1,1,1,0,0,0,0,0,0,1,0.1844708938516601,NORMAL
blk_-4935573595350235765,1,1,1,1,0,0,0,0,0,1,0.21900602380048056,NORMAL
blk_-4937215748597091532,1,1,1,0,0,0,0,0,0,1,0.1844708938516601,NORMAL
blk_-4941547144875557718,1,1,1,0,0,0,1,0,0,1,0.12297016981752451,NORMAL
blk_-4945182943709543868,1,1,1,1,0,0,0,0,0,1,0.21900602380048056,NORMAL
blk_-4954795063440871977,1,1,1,1,0,0,1,0,0,1,0.1150743353602891,NORMAL
blk_-4956232013010963754,1,1,1,2,0,0,0,0,0,1,0.17105675448234425,NORMAL
blk_-4967783186426171722,1,1,1,2,0,0,0,0,0,1,0.17105675448234425,NORMAL
blk_-4970213618915792510,1,1,1,1,0,0,0,0,0,1,0.21900602380048056,NORMAL
blk_-4980916519894289629,1,1,1,0,0,1,0,0,0,-1,-0.09982907586517553,ANOMALY
blk_-4984504651603069357,1,1,1,0,0,1,0,0,0,-1,-0.09982907586517553,ANOMALY
blk_-5003122231679852524,1,1,1,2,0,0,0,0,0,1,0.17105675448234425,NORMAL
blk_-500534246236005335,1,1,1,0,0,0,0,1,0,1,0.04491092989184653,NORMAL
blk_-5005618994659797504,1,1,1,1,0,0,1,0,0,1,0.1150743353602891,NORMAL
blk_-5009020203888190378,1,1,1,2,0,0,0,0,0,1,0.17105675448234425,NORMAL
blk_-5009274684359267777,1,1,1,1,0,0,0,0,0,1,0.21900602380048056,NORMAL
blk_-5012639079435860269,1,1,1,1,0,0,0,0,0,1,0.21900602380048056,NORMAL
blk_-5014786445735476734,1,1,1,0,0,0,1,0,0,1,0.12297016981752451,NORMAL
blk_-5029807829679779067,1,1,1,2,0,0,0,0,0,1,0.17105675448234425,NORMAL
blk_-5045144756510626150,1,1,1,1,0,0,0,0,0,1,0.21900602380048056,NORMAL
blk_-5057534532247887258,1,1,1,2,0,0,0,0,0,1,0.17105675448234425,NORMAL
blk_-5073870177832699716,1,1,1,0,0,0,0,0,0,1,0.1844708938516601,NORMAL
blk_-5078186985701364847,1,1,1,2,0,0,0,0,0,1,0.17105675448234425,NORMAL
blk_-5086369325828333421,1,1,1,2,0,0,0,0,0,1,0.17105675448234425,NORMAL
blk_-5102453487463005287,1,1,1,0,0,0,0,0,0,1,0.1844708938516601,NORMAL
blk_-5124326558394984439,1,1,1,1,0,0,0,0,0,1,0.21900602380048056,NORMAL
blk_-5135777574223073423,1,1,1,2,0,0,0,0,0,1,0.17105675448234425,NORMAL
blk_-5140072410813878235,1,1,1,1,0,0,1,0,0,1,0.1150743353602891,NORMAL
blk_-5144503768267321004,1,1,1,2,0,0,0,0,0,1,0.17105675448234425,NORMAL
blk_-5144548163293169177,1,1,1,0,0,0,0,0,0,1,0.1844708938516601,NORMAL
blk_-5145508449157510071,1,1,1,2,0,0,0,0,0,1,0.17105675448234425,NORMAL
blk_-5145886774827574591,1,1,1,1,0,0,1,0,0,1,0.1150743353602891,NORMAL
blk_-5159573936338473350,1,1,1,1,0,0,0,0,0,1,0.21900602380048056,NORMAL
blk_-518701095493827363,1,1,1,1,0,0,0,0,0,1,0.21900602380048056,NORMAL
blk_-5195432543794777448,1,1,1,1,0,0,0,0,0,1,0.21900602380048056,NORMAL
blk_-5205950257901523262,1,1,1,0,0,0,1,0,0,1,0.12297016981752451,NORMAL
blk_-5214060566378896158,1,1,1,1,0,0,0,0,0,1,0.21900602380048056,NORMAL
blk_-5215520749152394224,1,1,1,0,0,0,0,0,0,1,0.1844708938516601,NORMAL
blk_-5217146995455608468,1,1,1,2,0,0,0,0,0,1,0.17105675448234425,NORMAL
blk_-5224756755359850354,1,1,1,2,0,0,0,0,0,1,0.17105675448234425,NORMAL
blk_-522892190802801712,1,1,1,2,0,0,0,0,0,1,0.17105675448234425,NORMAL
blk_-5236578579938215340,1,1,1,1,0,0,0,0,0,1,0.21900602380048056,NORMAL
blk_-5236655516146555545,1,1,1,2,0,0,0,0,0,1,0.17105675448234425,NORMAL
blk_-524128780228307052,1,1,1,1,0,0,0,0,0,1,0.21900602380048056,NORMAL
blk_-5255262711039499896,1,1,1,0,0,0,0,1,0,1,0.04491092989184653,NORMAL
blk_-5263787695149681326,1,1,1,0,0,0,0,0,0,1,0.1844708938516601,NORMAL
blk_-5293091556505218722,1,1,1,1,0,0,1,0,0,1,0.1150743353602891,NORMAL
blk_-5306443381473737599,1,1,1,1,0,0,0,0,0,1,0.21900602380048056,NORMAL
blk_-5309211894896608429,1,1,1,1,0,0,0,0,0,1,0.21900602380048056,NORMAL
blk_-531469051872229488,1,1,1,1,0,0,1,0,0,1,0.1150743353602891,NORMAL
blk_-5319073033164653435,1,1,1,0,0,0,0,1,0,1,0.04491092989184653,NORMAL
blk_-5321676321043683563,1,1,1,0,0,0,0,0,0,1,0.1844708938516601,NORMAL
blk_-5330522460969948971,1,1,1,1,0,0,0,0,0,1,0.21900602380048056,NORMAL
blk_-5340841684362207777,1,1,1,1,0,0,0,0,0,1,0.21900602380048056,NORMAL
blk_-5340885607150360719,1,1,1,2,1,0,0,0,0,1,0.0,NORMAL
blk_-5341992729755584578,1,1,1,2,0,0,0,0,0,1,0.17105675448234425,NORMAL
blk_-5343533992609553091,1,1,1,0,0,0,0,1,0,1,0.04491092989184653,NORMAL
blk_-5344266425789048231,1,1,1,0,0,0,1,0,0,1,0.12297016981752451,NORMAL
blk_-5352085087037370841,1,1,1,1,0,0,0,0,0,1,0.21900602380048056,NORMAL
blk_-5362598472846558076,1,1,1,1,0,0,1,0,0,1,0.1150743353602891,NORMAL
blk_-5363213609331400263,1,1,1,1,0,0,0,0,0,1,0.21900602380048056,NORMAL
blk_-5368528328022648701,1,1,1,1,0,0,1,0,0,1,0.1150743353602891,NORMAL
blk_-5382946262718129284,1,1,1,1,0,0,1,0,0,1,0.1150743353602891,NORMAL
blk_-5385105076403314787,1,1,1,1,0,0,0,0,0,1,0.21900602380048056,NORMAL
blk_-5400783031085008882,1,1,1,1,0,0,0,0,0,1,0.21900602380048056,NORMAL
blk_-5403209762224435166,1,1,1,1,0,0,1,0,0,1,0.1150743353602891,NORMAL
blk_-5404881839098659470,1,1,1,1,0,0,0,0,0,1,0.21900602380048056,NORMAL
blk_-5421365489363678155,1,1,1,1,0,0,0,0,0,1,0.21900602380048056,NORMAL
blk_-54240672253074715,1,1,1,0,0,0,0,0,0,1,0.1844708938516601,NORMAL
blk_-5427918313707752877,1,1,1,1,0,0,0,0,0,1,0.21900602380048056,NORMAL
blk_-5429042599096020592,1,1,1,0,0,0,1,0,0,1,0.12297016981752451,NORMAL
blk_-5429479049793046826,1,1,1,0,0,0,1,0,0,1,0.12297016981752451,NORMAL
blk_-5439682406172672049,1,1,1,2,0,0,0,0,0,1,0.17105675448234425,NORMAL
blk_-5442040196315589272,1,1,1,0,0,0,0,0,0,1,0.1844708938516601,NORMAL
blk_-5450224419450631495,1,1,1,1,0,0,0,0,0,1,0.21900602380048056,NORMAL
blk_-5455316994110506037,1,1,1,1,0,0,0,0,0,1,0.21900602380048056,NORMAL
blk_-5471660287004025096,1,1,1,1,0,0,0,0,0,1,0.21900602380048056,NORMAL
blk_-5504500392858491441,1,1,1,0,0,0,0,0,0,1,0.1844708938516601,NORMAL
blk_-5511630179413516751,1,1,1,1,0,0,0,0,0,1,0.21900602380048056,NORMAL
blk_-5513640508500780385,1,1,1,1,0,0,1,0,0,1,0.1150743353602891,NORMAL
blk_-5534560875087182998,1,1,1,1,0,0,0,0,0,1,0.21900602380048056,NORMAL
blk_-5542336029922582303,1,1,1,1,0,0,0,0,0,1,0.21900602380048056,NORMAL
blk_-5569558931000121451,1,1,1,0,0,0,0,0,0,1,0.1844708938516601,NORMAL
blk_-5580048401594934039,1,1,1,1,0,0,0,0,0,1,0.21900602380048056,NORMAL
blk_-5580322334454533924,1,1,1,0,0,0,0,0,0,1,0.1844708938516601,NORMAL
blk_-5581540863377925517,1,1,1,0,0,0,0,1,0,1,0.04491092989184653,NORMAL
blk_-5586529360624346565,1,1,1,1,0,0,0,0,0,1,0.21900602380048056,NORMAL
blk_-5587827566367944828,1,1,1,0,0,0,0,0,0,1,0.1844708938516601,NORMAL
blk_-5598693099021996971,1,1,1,0,0,0,1,0,0,1,0.12297016981752451,NORMAL
blk_-5603192027616633151,1,1,1,0,0,0,1,0,0,1,0.12297016981752451,NORMAL
blk_-5610308397633191834,1,1,1,0,0,0,0,0,0,1,0.1844708938516601,NORMAL
blk_-5613694521084380933,1,1,1,0,0,0,0,1,0,1,0.04491092989184653,NORMAL
blk_-5623176793330377570,1,1,1,2,0,0,0,0,0,1,0.17105675448234425,NORMAL
blk_-5624558200776510955,1,1,1,1,0,0,1,0,0,1,0.1150743353602891,NORMAL
blk_-562725280853087685,1,1,1,1,0,0,0,0,0,1,0.21900602380048056,NORMAL
blk_-5633587983998853189,1,1,1,1,0,0,0,0,0,1,0.21900602380048056,NORMAL
blk_-5644397018622018109,1,1,1,1,0,0,0,0,0,1,0.21900602380048056,NORMAL
blk_-5646228903161999640,1,1,1,2,0,0,0,0,0,1,0.17105675448234425,NORMAL
blk_-566178736644429906,1,1,1,1,0,0,1,0,0,1,0.1150743353602891,NORMAL
blk_-5668584889663038916,1,1,1,1,0,0,0,0,0,1,0.21900602380048056,NORMAL
blk_-5671206752084326639,1,1,1,1,0,0,0,0,0,1,0.21900602380048056,NORMAL
blk_-5680441982827916621,1,1,1,0,0,0,0,0,0,1,0.1844708938516601,NORMAL
blk_-5704899712662113150,1,1,1,1,0,0,0,0,0,1,0.21900602380048056,NORMAL
blk_-5718504625725408070,1,1,1,0,0,0,1,0,0,1,0.12297016981752451,NORMAL
blk_-5718873743060788176,1,1,1,1,0,0,0,0,0,1,0.21900602380048056,NORMAL
blk_-5719934513583495857,1,1,1,2,0,0,0,0,0,1,0.17105675448234425,NORMAL
blk_-5722491454804415982,1,1,1,0,0,0,0,0,0,1,0.1844708938516601,NORMAL
blk_-5739126205963920408,1,1,1,1,0,0,0,0,0,1,0.21900602380048056,NORMAL
blk_-5773244829531118765,1,1,1,1,0,0,0,0,0,1,0.21900602380048056,NORMAL
blk_-577659324269246113,1,1,1,1,0,0,0,0,0,1,0.21900602380048056,NORMAL
blk_-5777981614298940026,1,1,1,1,0,0,0,0,0,1,0.21900602380048056,NORMAL
blk_-5785220384376578831,1,1,1,1,0,0,0,0,0,1,0.21900602380048056,NORMAL
blk_-5799866343936729403,1,1,1,0,0,0,0,0,0,1,0.1844708938516601,NORMAL
blk_-5802915611610989626,1,1,1,1,0,0,1,0,0,1,0.1150743353602891,NORMAL
blk_-5808893254440551816,1,1,1,2,0,0,0,0,0,1,0.17105675448234425,NORMAL
blk_-5814328448485070742,1,1,1,1,0,0,0,0,0,1,0.21900602380048056,NORMAL
blk_-5815145248455404269,1,1,1,1,0,0,0,0,0,1,0.21900602380048056,NORMAL
blk_-5817942497672492100,1,1,1,2,0,0,0,0,0,1,0.17105675448234425,NORMAL
blk_-5828360070550196756,1,1,1,0,0,0,0,0,0,1,0.1844708938516601,NORMAL
blk_-5836693155656083066,1,1,1,2,0,0,0,0,0,1,0.17105675448234425,NORMAL
blk_-5852844080027817147,1,1,1,0,0,0,0,0,0,1,0.1844708938516601,NORMAL
blk_-5861348317118763621,1,1,1,1,0,0,0,0,0,1,0.21900602380048056,NORMAL
blk_-5861636720645142679,1,1,1,1,0,0,0,0,0,1,0.21900602380048056,NORMAL
blk_-5880591395067598620,1,1,1,0,0,0,1,0,0,1,0.12297016981752451,NORMAL
blk_-5882295985950637419,1,1,1,1,0,0,0,0,0,1,0.21900602380048056,NORMAL
blk_-5892603381347650390,1,1,1,2,0,0,0,0,0,1,0.17105675448234425,NORMAL
blk_-5908283405801966540,1,1,1,0,0,0,0,0,0,1,0.1844708938516601,NORMAL
blk_-591552904934794824,1,1,1,0,0,0,0,1,0,1,0.04491092989184653,NORMAL
blk_-5919767990596301121,1,1,1,2,0,0,0,0,0,1,0.17105675448234425,NORMAL
blk_-5927343391895571936,1,1,1,1,0,0,0,0,0,1,0.21900602380048056,NORMAL
blk_-5934436507161953485,1,1,1,0,0,0,1,0,0,1,0.12297016981752451,NORMAL
blk_-5935642747315643391,1,1,1,2,1,0,0,0,0,1,0.0,NORMAL
blk_-5949883083428548093,1,1,1,1,0,0,0,0,0,1,0.21900602380048056,NORMAL
blk_-5954527587435406374,1,1,1,1,0,0,0,0,0,1,0.21900602380048056,NORMAL
blk_-5957060034695163774,1,1,1,2,0,0,0,0,0,1,0.17105675448234425,NORMAL
blk_-5960135894031733009,1,1,1,1,0,0,0,0,0,1,0.21900602380048056,NORMAL
blk_-5961895238114806886,1,1,1,1,0,0,0,0,0,1,0.21900602380048056,NORMAL
blk_-5963475042722370536,1,1,1,1,0,0,0,0,0,1,0.21900602380048056,NORMAL
blk_-5970165518655489569,1,1,1,1,0,0,0,0,0,1,0.21900602380048056,NORMAL
blk_-5972745462629982078,1,1,1,1,0,0,1,0,0,1,0.1150743353602891,NORMAL
blk_-5974833545991408899,1,1,1,1,0,0,0,0,0,1,0.21900602380048056,NORMAL
blk_-6008397446568765070,1,1,1,0,0,0,1,0,0,1,0.12297016981752451,NORMAL
blk_-6031720401337601269,1,1,1,1,0,0,0,0,0,1,0.21900602380048056,NORMAL
blk_-6035642070260562886,1,1,1,0,0,0,0,0,0,1,0.1844708938516601,NORMAL
blk_-6050976999174805557,1,1,1,2,0,0,0,0,0,1,0.17105675448234425,NORMAL
blk_-6053005391233809507,1,1,1,0,0,0,1,0,0,1,0.12297016981752451,NORMAL
blk_-6056336045486998577,1,1,1,1,0,0,1,0,0,1,0.1150743353602891,NORMAL
blk_-6068451475575444798,1,1,1,1,0,0,1,0,0,1,0.1150743353602891,NORMAL
blk_-6068587951382721748,1,1,1,1,0,0,0,0,0,1,0.21900602380048056,NORMAL
blk_-6075803209168884005,1,1,1,0,0,0,1,0,0,1,0.12297016981752451,NORMAL
blk_-608202790716579401,1,1,1,1,0,0,1,0,0,1,0.1150743353602891,NORMAL
blk_-6114220623980201749,1,1,1,1,0,0,1,0,0,1,0.1150743353602891,NORMAL
blk_-6117917602803602155,1,1,1,1,0,0,1,0,0,1,0.1150743353602891,NORMAL
blk_-6127741703501838658,1,1,1,0,0,0,1,0,0,1,0.12297016981752451,NORMAL
blk_-6131345369657245178,1,1,1,0,0,0,1,0,0,1,0.12297016981752451,NORMAL
blk_-6135061626100136978,1,1,1,2,0,0,0,0,0,1,0.17105675448234425,NORMAL
blk_-6136511938931864993,1,1,1,1,0,0,1,0,0,1,0.1150743353602891,NORMAL
blk_-615578808743808725,1,1,1,0,0,0,0,0,0,1,0.1844708938516601,NORMAL
blk_-6160667975382232149,1,1,1,0,0,1,0,0,0,-1,-0.09982907586517553,ANOMALY
blk_-6168484338203583997,1,1,1,1,0,0,0,0,0,1,0.21900602380048056,NORMAL
blk_-6177194341369822651,1,1,1,0,0,0,1,0,0,1,0.12297016981752451,NORMAL
blk_-6213380972217661202,1,1,1,2,0,0,0,0,0,1,0.17105675448234425,NORMAL
blk_-6220821375880228145,1,1,1,0,0,0,0,0,0,1,0.1844708938516601,NORMAL
blk_-6224982681533811277,1,1,1,1,0,0,0,0,0,1,0.21900602380048056,NORMAL
blk_-6247364168500873179,1,1,1,1,0,0,0,0,0,1,0.21900602380048056,NORMAL
blk_-6250368566161066085,1,1,1,2,0,0,0,0,0,1,0.17105675448234425,NORMAL
blk_-6255015379143356507,1,1,1,1,0,0,1,0,0,1,0.1150743353602891,NORMAL
blk_-6261136177206340449,1,1,1,1,0,0,1,0,0,1,0.1150743353602891,NORMAL
blk_-626413149556394155,1,1,1,0,0,0,1,0,0,1,0.12297016981752451,NORMAL
blk_-6276023454199613372,1,1,1,2,0,0,0,0,0,1,0.17105675448234425,NORMAL
blk_-6289001686128460561,1,1,1,1,0,0,1,0,0,1,0.1150743353602891,NORMAL
blk_-62891505109755100,1,1,1,2,1,0,0,0,0,1,0.0,NORMAL
blk_-6290631608800952376,1,1,1,2,1,0,0,0,0,1,0.0,NORMAL
blk_-6292499669518281202,1,1,1,0,0,0,1,0,0,1,0.12297016981752451,NORMAL
blk_-6299730951392868297,1,1,1,1,0,0,0,0,0,1,0.21900602380048056,NORMAL
blk_-6308508598639278892,1,1,1,1,0,0,0,0,0,1,0.21900602380048056,NORMAL
blk_-6314365697827006048,1,1,1,1,0,0,0,0,0,1,0.21900602380048056,NORMAL
blk_-6325232815283133921,1,1,1,1,0,0,0,0,0,1,0.21900602380048056,NORMAL
blk_-6329494504520216748,1,1,1,2,0,0,0,0,0,1,0.17105675448234425,NORMAL
blk_-6330812010936261924,1,1,1,1,0,0,0,0,0,1,0.21900602380048056,NORMAL
blk_-633826175832239328,1,1,1,0,0,0,0,0,0,1,0.1844708938516601,NORMAL
blk_-6338549285508312302,1,1,1,1,0,0,0,0,0,1,0.21900602380048056,NORMAL
blk_-6350492516478706425,1,1,1,0,0,0,1,0,0,1,0.12297016981752451,NORMAL
blk_-6369730481066968769,1,1,1,0,0,0,0,0,0,1,0.1844708938516601,NORMAL
blk_-6380328072112550668,1,1,1,2,0,0,0,0,0,1,0.17105675448234425,NORMAL
blk_-6390296685077811803,1,1,1,1,0,0,0,0,0,1,0.21900602380048056,NORMAL
blk_-6400421658804613208,1,1,1,0,0,0,1,0,0,1,0.12297016981752451,NORMAL
blk_-6412155847905320411,1,1,1,2,0,0,0,0,0,1,0.17105675448234425,NORMAL
blk_-6431101765137189231,1,1,1,0,0,0,1,0,0,1,0.12297016981752451,NORMAL
blk_-643763844763678010,1,1,1,0,0,0,1,0,0,1,0.12297016981752451,NORMAL
blk_-6441360440068187612,1,1,1,1,0,0,0,0,0,1,0.21900602380048056,NORMAL
blk_-6442394521537090621,1,1,1,1,0,0,0,0,0,1,0.21900602380048056,NORMAL
blk_-6449891932967810179,1,1,1,1,0,0,0,0,0,1,0.21900602380048056,NORMAL
blk_-6454539193224916125,1,1,1,0,0,0,0,0,0,1,0.1844708938516601,NORMAL
blk_-6464763289185102366,1,1,1,1,0,0,0,0,0,1,0.21900602380048056,NORMAL
blk_-6464892000340112134,1,1,1,1,0,0,0,0,0,1,0.21900602380048056,NORMAL
blk_-6477590833521072407,1,1,1,1,0,0,1,0,0,1,0.1150743353602891,NORMAL
blk_-6486714614940767660,1,1,1,2,0,0,0,0,0,1,0.17105675448234425,NORMAL
blk_-6500549130351529113,1,1,1,0,0,0,0,0,0,1,0.1844708938516601,NORMAL
blk_-6502143621885580798,1,1,1,1,0,0,0,0,0,1,0.21900602380048056,NORMAL
blk_-6520030462660619051,1,1,1,2,0,0,0,0,0,1,0.17105675448234425,NORMAL
blk_-6525012344542022819,1,1,1,0,0,0,0,0,0,1,0.1844708938516601,NORMAL
blk_-653434419514937486,1,1,1,0,0,0,0,0,0,1,0.1844708938516601,NORMAL
blk_-6540455811923725840,1,1,1,1,0,0,0,0,0,1,0.21900602380048056,NORMAL
blk_-6543889749770222531,1,1,1,2,0,0,0,0,0,1,0.17105675448234425,NORMAL
blk_-6555060221133060529,1,1,1,1,0,0,0,0,0,1,0.21900602380048056,NORMAL
blk_-657087263710195616,1,1,1,2,0,0,0,0,0,1,0.17105675448234425,NORMAL
blk_-6582383997201802925,1,1,1,1,0,0,0,0,0,1,0.21900602380048056,NORMAL
blk_-6592952246351162022,1,1,1,1,0,0,0,0,0,1,0.21900602380048056,NORMAL
blk_-6608350831463251448,1,1,1,2,0,0,0,0,0,1,0.17105675448234425,NORMAL
blk_-6618090096819679591,1,1,1,2,0,0,0,0,0,1,0.17105675448234425,NORMAL
blk_-6620182933895093708,1,1,1,0,0,0,0,1,0,1,0.04491092989184653,NORMAL
blk_-663653551898848389,1,1,1,2,0,0,0,0,0,1,0.17105675448234425,NORMAL
blk_-6640779266188771131,1,1,1,1,0,0,1,0,0,1,0.1150743353602891,NORMAL
blk_-664656559337730574,1,1,1,2,0,0,0,0,0,1,0.17105675448234425,NORMAL
blk_-6670958622368987959,1,1,1,0,0,0,0,0,0,1,0.1844708938516601,NORMAL
blk_-667933171485085225,1,1,1,2,1,0,0,0,0,1,0.0,NORMAL
blk_-6695620358347030339,1,1,1,0,0,0,0,0,0,1,0.1844708938516601,NORMAL
blk_-6719337521981113643,1,1,1,1,0,0,0,0,0,1,0.21900602380048056,NORMAL
blk_-6750694665033046901,1,1,1,0,0,0,1,0,0,1,0.12297016981752451,NORMAL
blk_-6754647973871368247,1,1,1,0,0,0,0,1,0,1,0.04491092989184653,NORMAL
blk_-6766351519628312408,1,1,1,0,0,0,0,0,0,1,0.1844708938516601,NORMAL
blk_-6773301007994789531,1,1,1,0,0,0,0,0,0,1,0.1844708938516601,NORMAL
blk_-6783506473540833076,1,1,1,1,0,0,1,0,0,1,0.1150743353602891,NORMAL
blk_-6802124772693111025,1,1,1,1,0,0,1,0,0,1,0.1150743353602891,NORMAL
blk_-6802153775367591521,1,1,1,0,0,0,0,1,0,1,0.04491092989184653,NORMAL
blk_-6809181994368905854,1,1,1,2,0,0,0,0,0,1,0.17105675448234425,NORMAL
blk_-6811519872198278365,1,1,1,1,0,0,0,0,0,1,0.21900602380048056,NORMAL
blk_-6811828069408410657,1,1,1,0,0,0,0,0,0,1,0.1844708938516601,NORMAL
blk_-6832799704680039005,1,1,1,1,0,0,0,0,0,1,0.21900602380048056,NORMAL
blk_-6836642008179678048,1,1,1,1,0,0,0,0,0,1,0.21900602380048056,NORMAL
blk_-6837050820114491742,1,1,1,0,0,0,0,0,0,1,0.1844708938516601,NORMAL
blk_-6841570414687342011,1,1,1,0,0,0,0,1,0,1,0.04491092989184653,NORMAL
blk_-684595390732854503,1,1,1,1,0,0,0,0,0,1,0.21900602380048056,NORMAL
blk_-6865167803683277211,1,1,1,0,0,0,0,0,0,1,0.1844708938516601,NORMAL
blk_-6867873931012347356,1,1,1,1,0,0,0,0,0,1,0.21900602380048056,NORMAL
blk_-6883339133893273874,1,1,1,0,0,0,0,0,0,1,0.1844708938516601,NORMAL
blk_-6884056342993438262,1,1,1,2,0,0,0,0,0,1,0.17105675448234425,NORMAL
blk_-6891122177443047531,1,1,1,0,0,0,1,0,0,1,0.12297016981752451,NORMAL
blk_-6900989714336081087,1,1,1,2,1,0,0,0,0,1,0.0,NORMAL
blk_-6901909114834172466,1,1,1,0,0,0,1,0,0,1,0.12297016981752451,NORMAL
blk_-6909400912794057067,1,1,1,1,0,0,0,0,0,1,0.21900602380048056,NORMAL
blk_-6909607053783233975,1,1,1,0,0,0,0,1,0,1,0.04491092989184653,NORMAL
blk_-6921441628286995043,1,1,1,1,0,0,1,0,0,1,0.1150743353602891,NORMAL
blk_-6927870228542972281,1,1,1,2,0,0,0,0,0,1,0.17105675448234425,NORMAL
blk_-6932221506331060207,1,1,1,1,0,0,1,0,0,1,0.1150743353602891,NORMAL
blk_-6934248664959947757,1,1,1,0,0,0,0,0,0,1,0.1844708938516601,NORMAL
blk_-6942784423611603919,1,1,1,0,0,0,1,0,0,1,0.12297016981752451,NORMAL
blk_-6945615463687647586,1,1,1,1,0,0,0,0,0,1,0.21900602380048056,NORMAL
blk_-6952295868487656571,1,1,1,0,0,0,0,0,0,1,0.1844708938516601,NORMAL
blk_-6956067134432991406,1,1,1,1,0,0,0,0,0,1,0.21900602380048056,NORMAL
blk_-6966935672736779591,1,1,1,1,0,0,0,0,0,1,0.21900602380048056,NORMAL
blk_-6978845808078082463,1,1,1,1,0,0,1,0,0,1,0.1150743353602891,NORMAL
blk_-6979800421545566530,1,1,1,1,0,0,0,0,0,1,0.21900602380048056,NORMAL
blk_-6986311820863339652,1,1,1,1,0,0,0,0,0,1,0.21900602380048056,NORMAL
blk_-6991853982611346454,1,1,1,0,0,0,0,0,0,1,0.1844708938516601,NORMAL
blk_-6995454028444097802,1,1,1,1,0,0,0,0,0,1,0.21900602380048056,NORMAL
blk_-6997219177553478996,1,1,1,0,0,0,0,0,0,1,0.1844708938516601,NORMAL
blk_-7007208336332784130,1,1,1,1,0,0,0,0,0,1,0.21900602380048056,NORMAL
blk_-7017553867379051457,1,1,1,1,0,0,0,0,0,1,0.21900602380048056,NORMAL
blk_-7024895786822269814,1,1,1,0,0,0,0,0,0,1,0.1844708938516601,NORMAL
blk_-7029628814943626474,2,2,2,3,1,0,0,0,120002,-1,-0.10956151211403165,ANOMALY
blk_-7030770677241078854,1,1,1,1,0,0,0,0,0,1,0.21900602380048056,NORMAL
blk_-703436021914343546,1,1,1,0,0,0,0,0,0,1,0.1844708938516601,NORMAL
blk_-7048088870427586736,1,1,1,2,0,0,0,0,0,1,0.17105675448234425,NORMAL
blk_-7056746602297676104,1,1,1,1,0,0,0,0,0,1,0.21900602380048056,NORMAL
blk_-7096508472270520039,1,1,1,0,0,0,1,0,0,1,0.12297016981752451,NORMAL
blk_-7105305952901940477,1,1,1,0,0,0,0,1,0,1,0.04491092989184653,NORMAL
blk_-7106479503467535906,1,1,1,0,0,0,1,0,0,1,0.12297016981752451,NORMAL
blk_-7111788899695387329,1,1,1,1,0,0,1,0,0,1,0.1150743353602891,NORMAL
blk_-7115635482536854135,1,1,1,1,0,0,0,0,0,1,0.21900602380048056,NORMAL
blk_-7125370327234065733,1,1,1,2,1,0,0,0,0,1,0.0,NORMAL
blk_-71429470616906355,1,1,1,1,0,0,0,0,0,1,0.21900602380048056,NORMAL
blk_-7152190882826520998,1,1,1,1,0,0,0,0,0,1,0.21900602380048056,NORMAL
blk_-7159695919045792245,1,1,1,0,0,0,0,0,0,1,0.1844708938516601,NORMAL
blk_-7170175035335391571,1,1,1,0,0,0,0,0,0,1,0.1844708938516601,NORMAL
blk_-7172347691639518373,1,1,1,2,0,0,0,0,0,1,0.17105675448234425,NORMAL
blk_-719178972315562824,1,1,1,1,0,0,0,0,0,1,0.21900602380048056,NORMAL
blk_-719470845056640928,1,1,1,1,0,0,1,0,0,1,0.1150743353602891,NORMAL
blk_-719498947487451844,1,1,1,2,0,0,0,0,0,1,0.17105675448234425,NORMAL
blk_-7200400342436668240,1,1,1,0,0,0,0,0,0,1,0.1844708938516601,NORMAL
blk_-7202857144668308473,1,1,1,1,0,0,0,0,0,1,0.21900602380048056,NORMAL
blk_-7207514537719465756,1,1,1,1,0,0,0,0,0,1,0.21900602380048056,NORMAL
blk_-7227576651324043655,1,1,1,2,0,0,0,0,0,1,0.17105675448234425,NORMAL
blk_-7228803354694123939,1,1,1,2,0,0,0,0,0,1,0.17105675448234425,NORMAL
blk_-7230947007726948080,1,1,1,2,0,0,0,0,0,1,0.17105675448234425,NORMAL
blk_-7238035741206373733,1,1,1,2,0,0,0,0,0,1,0.17105675448234425,NORMAL
blk_-7247291679155656679,1,1,1,1,0,0,0,0,0,1,0.21900602380048056,NORMAL
blk_-7256345477493725857,1,1,1,0,0,0,0,0,0,1,0.1844708938516601,NORMAL
blk_-7266711648018793699,1,1,1,2,0,0,0,0,0,1,0.17105675448234425,NORMAL
blk_-7269672042149855641,1,1,1,0,0,0,0,0,0,1,0.1844708938516601,NORMAL
blk_-7282356322111075290,1,1,1,1,0,0,0,0,0,1,0.21900602380048056,NORMAL
blk_-7285565997486715015,1,1,1,1,0,0,1,0,0,1,0.1150743353602891,NORMAL
blk_-7293871043749246063,1,1,1,2,0,0,0,0,0,1,0.17105675448234425,NORMAL
blk_-730776401372551814,1,1,1,0,0,0,0,0,0,1,0.1844708938516601,NORMAL
blk_-7319442762668598889,1,1,1,0,0,0,0,0,0,1,0.1844708938516601,NORMAL
blk_-7350482598011027441,1,1,1,2,0,0,0,0,0,1,0.17105675448234425,NORMAL
blk_-7353572928777348242,1,1,1,0,0,0,1,0,0,1,0.12297016981752451,NORMAL
blk_-7355153279766988632,1,1,1,2,0,0,0,0,0,1,0.17105675448234425,NORMAL
blk_-736188013503336717,1,1,1,0,0,0,0,0,0,1,0.1844708938516601,NORMAL
blk_-7364557883931785608,1,1,1,2,0,0,0,0,0,1,0.17105675448234425,NORMAL
blk_-7367386750462511488,1,1,1,0,0,0,0,1,0,1,0.04491092989184653,NORMAL
blk_-7369651436133452001,1,1,1,1,0,0,1,0,0,1,0.1150743353602891,NORMAL
blk_-7372087176866857012,1,1,1,2,1,0,0,0,0,1,0.0,NORMAL
blk_-7380871572601322244,1,1,1,1,0,0,0,0,0,1,0.21900602380048056,NORMAL
blk_-7389979618829759505,1,1,1,2,0,0,0,0,0,1,0.17105675448234425,NORMAL
blk_-7391656937286046074,1,1,1,2,1,0,0,0,0,1,0.0,NORMAL
blk_-7411687001739959508,1,1,1,2,0,0,0,0,0,1,0.17105675448234425,NORMAL
blk_-7411858598798393933,1,1,1,0,0,0,1,0,0,1,0.12297016981752451,NORMAL
blk_-7413910507260978729,1,1,1,0,0,0,0,1,0,1,0.04491092989184653,NORMAL
blk_-7418372263556457716,1,1,1,2,0,0,0,0,0,1,0.17105675448234425,NORMAL
blk_-7418499425236853516,1,1,1,1,0,0,1,0,0,1,0.1150743353602891,NORMAL
blk_-7423574498760490375,1,1,1,0,0,0,1,0,0,1,0.12297016981752451,NORMAL
blk_-743349875664670637,1,1,1,2,0,0,0,0,0,1,0.17105675448234425,NORMAL
blk_-7436749154361133879,1,1,1,0,0,0,0,0,0,1,0.1844708938516601,NORMAL
blk_-7446091384471755694,1,1,1,0,0,0,1,0,0,1,0.12297016981752451,NORMAL
blk_-7458279618877678162,1,1,1,0,0,0,0,1,0,1,0.04491092989184653,NORMAL
blk_-7460532841070848624,1,1,1,2,0,0,0,0,0,1,0.17105675448234425,NORMAL
blk_-7464161062429228045,1,1,1,0,0,0,1,0,0,1,0.12297016981752451,NORMAL
blk_-747046374856916711,1,1,1,1,0,0,0,0,0,1,0.21900602380048056,NORMAL
blk_-7483426835701512490,1,1,1,0,0,0,0,0,0,1,0.1844708938516601,NORMAL
blk_-7486746679002157277,1,1,1,2,0,0,0,0,0,1,0.17105675448234425,NORMAL
blk_-749176535135404637,1,1,1,0,0,0,0,1,0,1,0.04491092989184653,NORMAL
blk_-7492294065771709299,1,1,1,2,0,0,0,0,0,1,0.17105675448234425,NORMAL
blk_-7512746652453970810,1,1,1,0,0,0,0,0,0,1,0.1844708938516601,NORMAL
blk_-7513928662244669476,1,1,1,0,0,0,1,0,0,1,0.12297016981752451,NORMAL
blk_-7514806214244798312,1,1,1,1,0,0,0,0,0,1,0.21900602380048056,NORMAL
blk_-7515058933811567980,1,1,1,0,0,0,1,0,0,1,0.12297016981752451,NORMAL
blk_-7522572236891389139,1,1,1,1,0,0,0,0,0,1,0.21900602380048056,NORMAL
blk_-7526023914950151999,1,1,1,2,0,0,0,0,0,1,0.17105675448234425,NORMAL
blk_-7526945448667194862,1,1,1,1,0,0,0,0,0,1,0.21900602380048056,NORMAL
blk_-7527506469734664572,1,1,1,0,0,0,0,1,0,1,0.04491092989184653,NORMAL
blk_-7539658633533020967,1,1,1,2,0,0,0,0,0,1,0.17105675448234425,NORMAL
blk_-7548149518969960333,1,1,1,0,0,0,1,0,0,1,0.12297016981752451,NORMAL
blk_-7553009628768897700,1,1,1,0,0,0,0,0,0,1,0.1844708938516601,NORMAL
blk_-7555801584297376435,1,1,1,1,0,0,0,0,0,1,0.21900602380048056,NORMAL
blk_-7571492020523929240,1,1,1,2,0,0,0,0,0,1,0.17105675448234425,NORMAL
blk_-7584542530081657301,1,1,1,1,0,0,1,0,0,1,0.1150743353602891,NORMAL
blk_-7587189852169913514,1,1,1,0,0,0,0,0,0,1,0.1844708938516601,NORMAL
blk_-75893538967225087,1,1,1,1,0,0,1,0,0,1,0.1150743353602891,NORMAL
blk_-7592643790414500555,1,1,1,0,0,0,0,1,0,1,0.04491092989184653,NORMAL
blk_-7595375726951801956,1,1,1,1,0,0,1,0,0,1,0.1150743353602891,NORMAL
blk_-7601381921195183756,1,1,1,0,0,0,1,0,0,1,0.12297016981752451,NORMAL
blk_-7603740654202748654,1,1,1,1,0,0,0,0,0,1,0.21900602380048056,NORMAL
blk_-7603795308074215276,1,1,1,0,0,0,0,1,0,1,0.04491092989184653,NORMAL
blk_-7606467001548719462,1,1,1,0,0,0,1,0,0,1,0.12297016981752451,NORMAL
blk_-7623732795385061487,1,1,1,2,0,0,0,0,0,1,0.17105675448234425,NORMAL
blk_-762982068597249045,1,1,1,1,0,0,0,0,0,1,0.21900602380048056,NORMAL
blk_-7630699912570186723,1,1,1,1,0,0,0,0,0,1,0.21900602380048056,NORMAL
blk_-7637577152926063076,1,1,1,1,0,0,0,0,0,1,0.21900602380048056,NORMAL
blk_-7640601843607665080,1,1,1,0,0,0,0,0,0,1,0.1844708938516601,NORMAL
blk_-7646004878694144580,1,1,1,2,0,0,0,0,0,1,0.17105675448234425,NORMAL
blk_-764747190320632607,1,1,1,2,0,0,0,0,0,1,0.17105675448234425,NORMAL
blk_-7656610147924319419,1,1,1,0,0,0,0,0,0,1,0.1844708938516601,NORMAL
blk_-765820154946060546,1,1,1,1,0,0,1,0,0,1,0.1150743353602891,NORMAL
blk_-7658293778087733436,1,1,1,2,1,0,0,0,0,1,0.0,NORMAL
blk_-7667417209393167541,1,1,1,0,0,0,0,1,0,1,0.04491092989184653,NORMAL
blk_-7668075074035173978,1,1,1,1,0,0,1,0,0,1,0.1150743353602891,NORMAL
blk_-7678242108759603056,1,1,1,2,0,0,0,0,0,1,0.17105675448234425,NORMAL
blk_-7680599654910200999,1,1,1,2,1,0,0,0,0,1,0.0,NORMAL
blk_-7683667795522321323,1,1,1,0,0,0,0,0,0,1,0.1844708938516601,NORMAL
blk_-7693277678281547790,1,1,1,1,0,0,1,0,0,1,0.1150743353602891,NORMAL
blk_-7709713535298137702,1,1,1,1,0,0,1,0,0,1,0.1150743353602891,NORMAL
blk_-7716943410942322104,1,1,1,1,0,0,0,0,0,1,0.21900602380048056,NORMAL
blk_-7724713468912166542,1,1,1,2,0,0,0,0,0,1,0.17105675448234425,NORMAL
blk_-7727864185516010230,1,1,1,2,0,0,0,0,0,1,0.17105675448234425,NORMAL
blk_-774267833966018354,1,1,1,2,0,0,0,0,0,1,0.17105675448234425,NORMAL
blk_-7764040409370932316,1,1,1,2,0,0,0,0,0,1,0.17105675448234425,NORMAL
blk_-7767902948513849386,1,1,1,1,0,0,1,0,0,1,0.1150743353602891,NORMAL
blk_-7778922135767840250,1,1,1,0,0,0,0,0,0,1,0.1844708938516601,NORMAL
blk_-7794786562417612249,1,1,1,1,0,0,0,0,0,1,0.21900602380048056,NORMAL
blk_-7803343374223161433,1,1,1,0,0,1,0,0,0,-1,-0.09982907586517553,ANOMALY
blk_-7815259387557421424,1,1,1,2,0,0,0,0,0,1,0.17105675448234425,NORMAL
blk_-7820996703068538967,1,1,1,2,0,0,0,0,0,1,0.17105675448234425,NORMAL
blk_-7832937837605180330,1,1,1,0,0,0,1,0,0,1,0.12297016981752451,NORMAL
blk_-7837339190764609698,1,1,1,2,0,0,0,0,0,1,0.17105675448234425,NORMAL
blk_-7846283874350947646,1,1,1,1,0,0,1,0,0,1,0.1150743353602891,NORMAL
blk_-7854501109698465657,1,1,1,0,0,0,1,0,0,1,0.12297016981752451,NORMAL
blk_-7866582011201618766,1,1,1,0,0,0,0,1,0,1,0.04491092989184653,NORMAL
blk_-7873581794069372986,1,1,1,1,0,0,1,0,0,1,0.1150743353602891,NORMAL
blk_-7878121102358435702,1,1,1,0,0,0,0,1,0,1,0.04491092989184653,NORMAL
blk_-7893636450787030202,1,1,1,1,0,0,0,0,0,1,0.21900602380048056,NORMAL
blk_-7894824934989391122,1,1,1,1,0,0,1,0,0,1,0.1150743353602891,NORMAL
blk_-7909610753867924116,1,1,1,1,0,0,0,0,0,1,0.21900602380048056,NORMAL
blk_-7911408976820434495,1,1,1,2,0,0,0,0,0,1,0.17105675448234425,NORMAL
blk_-7914996925059840931,1,1,1,2,0,0,0,0,0,1,0.17105675448234425,NORMAL
blk_-7928230000822317050,1,1,1,0,0,0,1,0,0,1,0.12297016981752451,NORMAL
blk_-793506372912437289,1,1,1,1,0,0,1,0,0,1,0.1150743353602891,NORMAL
blk_-7937864120968665564,1,1,1,0,0,0,0,0,0,1,0.1844708938516601,NORMAL
blk_-7948158002985968470,1,1,1,0,0,0,0,0,0,1,0.1844708938516601,NORMAL
blk_-795209964982424254,1,1,1,1,0,0,1,0,0,1,0.1150743353602891,NORMAL
blk_-7983508786213002472,1,1,1,2,1,0,0,0,0,1,0.0,NORMAL
blk_-7985144765168396303,1,1,1,1,0,0,0,0,0,1,0.21900602380048056,NORMAL
blk_-7988596544606686086,1,1,1,0,0,0,0,1,0,1,0.04491092989184653,NORMAL
blk_-7990763409688650846,1,1,1,2,0,0,0,0,0,1,0.17105675448234425,NORMAL
blk_-7999375661905777727,1,1,1,1,0,0,1,0,0,1,0.1150743353602891,NORMAL
blk_-800664075087524591,1,1,1,0,0,0,0,0,0,1,0.1844708938516601,NORMAL
blk_-8014701913801168461,1,1,1,0,0,0,1,0,0,1,0.12297016981752451,NORMAL
blk_-8015797075596093783,1,1,1,1,0,0,0,0,0,1,0.21900602380048056,NORMAL
blk_-8022986908643041177,1,1,1,1,0,0,0,0,0,1,0.21900602380048056,NORMAL
blk_-8023826090828946372,1,1,1,2,1,0,0,0,0,1,0.0,NORMAL
blk_-8026264173633579073,1,1,1,1,0,0,1,0,0,1,0.1150743353602891,NORMAL
blk_-8049908920306758342,1,1,1,1,0,0,0,0,0,1,0.21900602380048056,NORMAL
blk_-8050165297538775793,1,1,1,0,0,1,0,0,0,-1,-0.09982907586517553,ANOMALY
blk_-805262942087665153,1,1,1,0,0,0,0,0,0,1,0.1844708938516601,NORMAL
blk_-8060252929692927663,1,1,1,0,0,0,1,0,0,1,0.12297016981752451,NORMAL
blk_-8077373411465716253,1,1,1,1,0,0,0,0,0,1,0.21900602380048056,NORMAL
blk_-8082428389627750477,1,1,1,2,1,0,0,0,0,1,0.0,NORMAL
blk_-8083036675630459841,1,1,1,2,1,0,0,0,0,1,0.0,NORMAL
blk_-808401720390253471,1,1,1,0,0,0,0,0,0,1,0.1844708938516601,NORMAL
blk_-8093500164295459838,1,1,1,0,0,0,0,0,0,1,0.1844708938516601,NORMAL
blk_-8108913101671416218,1,1,1,0,0,0,0,0,0,1,0.1844708938516601,NORMAL
blk_-8121498678081035000,1,1,1,1,0,0,1,0,0,1,0.1150743353602891,NORMAL
blk_-8123824094195108685,1,1,1,2,0,0,0,0,0,1,0.17105675448234425,NORMAL
blk_-8127580564011467092,1,1,1,1,0,0,0,0,0,1,0.21900602380048056,NORMAL
blk_-8130925109202184099,1,1,1,1,0,0,1,0,0,1,0.1150743353602891,NORMAL
blk_-8131422413299851907,1,1,1,0,0,0,1,0,0,1,0.12297016981752451,NORMAL
blk_-8144387882075572886,1,1,1,0,0,0,1,0,0,1,0.12297016981752451,NORMAL
blk_-8145226289286457574,1,1,1,1,0,0,0,0,0,1,0.21900602380048056,NORMAL
blk_-8162657657061473938,1,1,1,2,0,0,0,0,0,1,0.17105675448234425,NORMAL
blk_-8167717961644709843,1,1,1,0,0,0,1,0,0,1,0.12297016981752451,NORMAL
blk_-8187008844253719581,1,1,1,2,0,0,0,0,0,1,0.17105675448234425,NORMAL
blk_-8192956077351896648,1,1,1,1,0,0,0,0,0,1,0.21900602380048056,NORMAL
blk_-8198423074054354279,1,1,1,2,0,0,0,0,0,1,0.17105675448234425,NORMAL
blk_-8214089520956286311,1,1,1,1,0,0,0,0,0,1,0.21900602380048056,NORMAL
blk_-8225435781013159573,1,1,1,0,0,0,0,0,0,1,0.1844708938516601,NORMAL
blk_-8227485321105019293,1,1,1,2,0,0,0,0,0,1,0.17105675448234425,NORMAL
blk_-8241093737585222406,1,1,1,1,0,0,0,0,0,1,0.21900602380048056,NORMAL
blk_-8246207776580662770,1,1,1,0,0,0,0,0,0,1,0.1844708938516601,NORMAL
blk_-8255732027871411321,1,1,1,2,0,0,0,0,0,1,0.17105675448234425,NORMAL
blk_-826920518336899809,1,1,1,0,0,0,0,1,0,1,0.04491092989184653,NORMAL
blk_-8277873627721528374,1,1,1,2,0,0,0,0,0,1,0.17105675448234425,NORMAL
blk_-8294986551316947211,1,1,1,0,0,0,1,0,0,1,0.12297016981752451,NORMAL
blk_-8298519990603402919,1,1,1,1,0,0,0,0,0,1,0.21900602380048056,NORMAL
blk_-8306714721294235181,1,1,1,2,0,0,0,0,0,1,0.17105675448234425,NORMAL
blk_-8310554294841246175,1,1,1,1,0,0,0,0,0,1,0.21900602380048056,NORMAL
blk_-8312238797251504127,1,1,1,1,0,0,1,0,0,1,0.1150743353602891,NORMAL
blk_-8323785930877970805,1,1,1,2,0,0,0,0,0,1,0.17105675448234425,NORMAL
blk_-8329840785892216949,1,1,1,0,0,0,0,0,0,1,0.1844708938516601,NORMAL
blk_-8347949825960763812,1,1,1,0,0,1,0,0,0,-1,-0.09982907586517553,ANOMALY
blk_-8351015090014570293,1,1,1,1,0,0,1,0,0,1,0.1150743353602891,NORMAL
blk_-8353423262983821010,1,1,1,1,0,0,1,0,0,1,0.1150743353602891,NORMAL
blk_-8360774680830158225,1,1,1,0,0,0,1,0,0,1,0.12297016981752451,NORMAL
blk_-8364400144313355814,1,1,1,0,0,0,0,0,0,1,0.1844708938516601,NORMAL
blk_-8377763431920892140,1,1,1,1,0,0,0,0,0,1,0.21900602380048056,NORMAL
blk_-8380267327243110056,1,1,1,0,0,0,0,1,0,1,0.04491092989184653,NORMAL
blk_-8383503596684323017,1,1,1,0,0,0,1,0,0,1,0.12297016981752451,NORMAL
blk_-8389657728641837382,1,1,1,0,0,0,0,0,0,1,0.1844708938516601,NORMAL
blk_-8393060055740236791,1,1,1,1,0,0,0,0,0,1,0.21900602380048056,NORMAL
blk_-8403618945096094999,1,1,1,1,0,0,1,0,0,1,0.1150743353602891,NORMAL
blk_-8408087700903896282,1,1,1,0,0,0,0,1,0,1,0.04491092989184653,NORMAL
blk_-8426741581316629266,1,1,1,0,0,0,0,1,0,1,0.04491092989184653,NORMAL
blk_-8428590803682810851,1,1,1,1,0,0,0,0,0,1,0.21900602380048056,NORMAL
blk_-8435779070374485499,1,1,1,0,0,0,0,0,0,1,0.1844708938516601,NORMAL
blk_-8443921001690182522,1,1,1,0,0,0,1,0,0,1,0.12297016981752451,NORMAL
blk_-8475679647841427708,1,1,1,2,0,0,0,0,0,1,0.17105675448234425,NORMAL
blk_-8483420270408348004,1,1,1,1,0,0,0,0,0,1,0.21900602380048056,NORMAL
blk_-8484827087450439270,1,1,1,0,0,0,1,0,0,1,0.12297016981752451,NORMAL
blk_-8495670552887053546,1,1,1,2,1,0,0,0,0,1,0.0,NORMAL
blk_-8502460962248995911,1,1,1,1,0,0,0,0,0,1,0.21900602380048056,NORMAL
blk_-8507209254958698084,1,1,1,0,0,1,0,0,0,-1,-0.09982907586517553,ANOMALY
blk_-852118157909078164,1,1,1,2,0,0,0,0,0,1,0.17105675448234425,NORMAL
blk_-8522942048313632858,1,1,1,2,1,0,0,0,0,1,0.0,NORMAL
blk_-8523968015014407246,1,1,1,1,0,0,0,0,0,1,0.21900602380048056,NORMAL
blk_-8524274644018377752,1,1,1,2,0,0,0,0,0,1,0.17105675448234425,NORMAL
blk_-8524952715666214329,1,1,1,1,0,0,0,0,0,1,0.21900602380048056,NORMAL
blk_-8547071368131084410,1,1,1,0,0,0,1,0,0,1,0.12297016981752451,NORMAL
blk_-8558281124275910849,1,1,1,2,1,0,0,0,0,1,0.0,NORMAL
blk_-8558845834445970595,1,1,1,1,0,0,0,0,0,1,0.21900602380048056,NORMAL
blk_-8562334328670278932,1,1,1,2,0,0,0,0,0,1,0.17105675448234425,NORMAL
blk_-8563999607069929505,1,1,1,2,0,0,0,0,0,1,0.17105675448234425,NORMAL
blk_-8568673600040025636,1,1,1,0,0,0,0,0,0,1,0.1844708938516601,NORMAL
blk_-8570780307468499817,1,1,1,1,0,0,1,0,0,1,0.1150743353602891,NORMAL
blk_-8571819028995448536,1,1,1,2,0,0,0,0,0,1,0.17105675448234425,NORMAL
blk_-8584158329012779023,1,1,1,2,0,0,0,0,0,1,0.17105675448234425,NORMAL
blk_-85872290979354091,1,1,1,0,0,0,0,0,0,1,0.1844708938516601,NORMAL
blk_-8588908000680498,1,1,1,0,0,0,1,0,0,1,0.12297016981752451,NORMAL
blk_-8617088607862430908,1,1,1,0,0,0,1,0,0,1,0.12297016981752451,NORMAL
blk_-8632488927959646482,1,1,1,1,0,0,1,0,0,1,0.1150743353602891,NORMAL
blk_-8638442557570632582,1,1,1,0,0,0,0,0,0,1,0.1844708938516601,NORMAL
blk_-8641647081502666269,1,1,1,1,0,0,0,0,0,1,0.21900602380048056,NORMAL
blk_-8645365827804358878,1,1,1,0,0,0,0,1,0,1,0.04491092989184653,NORMAL
blk_-8649503431827393598,1,1,1,2,0,0,0,0,0,1,0.17105675448234425,NORMAL
blk_-8657800226489501791,1,1,1,1,0,0,0,0,0,1,0.21900602380048056,NORMAL
blk_-8674089929114017279,1,1,1,2,0,0,0,0,0,1,0.17105675448234425,NORMAL
blk_-8679916835272129336,1,1,1,2,1,0,0,0,0,1,0.0,NORMAL
blk_-8703611999267892995,1,1,1,2,0,0,0,0,0,1,0.17105675448234425,NORMAL
blk_-8736461628840265232,1,1,1,1,0,0,1,0,0,1,0.1150743353602891,NORMAL
blk_-8744988583359134013,1,1,1,0,0,0,0,1,0,1,0.04491092989184653,NORMAL
blk_-8745453424063341007,1,1,1,0,0,0,0,0,0,1,0.1844708938516601,NORMAL
blk_-8769398708439834546,1,1,1,1,0,0,1,0,0,1,0.1150743353602891,NORMAL
blk_-8775602795571523802,2,2,1,0,0,0,2,0,82,1,0.013644786986676927,NORMAL
blk_-878226404201600469,1,1,1,2,0,0,0,0,0,1,0.17105675448234425,NORMAL
blk_-8788032532930439012,1,1,1,2,0,0,0,0,0,1,0.17105675448234425,NORMAL
blk_-8789402864074203800,1,1,1,1,0,0,0,0,0,1,0.21900602380048056,NORMAL
blk_-8792837405349224102,1,1,1,0,0,0,1,0,0,1,0.12297016981752451,NORMAL
blk_-8796256534683400159,1,1,1,0,0,0,1,0,0,1,0.12297016981752451,NORMAL
blk_-8834022217832819265,1,1,1,2,0,0,0,0,0,1,0.17105675448234425,NORMAL
blk_-8835758154471700679,1,1,1,1,0,0,0,0,0,1,0.21900602380048056,NORMAL
blk_-8838161455213213548,1,1,1,2,0,0,0,0,0,1,0.17105675448234425,NORMAL
blk_-8838632285969241889,1,1,1,2,0,0,0,0,0,1,0.17105675448234425,NORMAL
blk_-8847552694913526632,1,1,1,1,0,0,0,0,0,1,0.21900602380048056,NORMAL
blk_-8848810702648406400,1,1,1,0,0,0,1,0,0,1,0.12297016981752451,NORMAL
blk_-8852638972311349374,1,1,1,2,0,0,0,0,0,1,0.17105675448234425,NORMAL
blk_-8856628810470361280,1,1,1,2,0,0,0,0,0,1,0.17105675448234425,NORMAL
blk_-8863130543753323383,1,1,1,1,0,0,1,0,0,1,0.1150743353602891,NORMAL
blk_-8876879715755468215,1,1,1,2,0,0,0,0,0,1,0.17105675448234425,NORMAL
blk_-8879979113392880065,1,1,1,2,0,0,0,0,0,1,0.17105675448234425,NORMAL
blk_-8887373200836701910,1,1,1,1,0,0,1,0,0,1,0.1150743353602891,NORMAL
blk_-8898274302731129139,1,1,1,0,0,0,1,0,0,1,0.12297016981752451,NORMAL
blk_-8907436477337775860,1,1,1,2,0,0,0,0,0,1,0.17105675448234425,NORMAL
blk_-8915123233040672605,1,1,1,2,0,0,0,0,0,1,0.17105675448234425,NORMAL
blk_-8915491531889006304,1,1,1,2,0,0,0,0,0,1,0.17105675448234425,NORMAL
blk_-8923698979247229952,1,1,1,1,0,0,0,0,0,1,0.21900602380048056,NORMAL
blk_-8923923031063738809,1,1,1,1,0,0,0,0,0,1,0.21900602380048056,NORMAL
blk_-8924134715029713489,1,1,1,1,0,0,0,0,0,1,0.21900602380048056,NORMAL
blk_-8939321760994370713,1,1,1,0,0,0,0,0,0,1,0.1844708938516601,NORMAL
blk_-8948316319329891645,1,1,1,0,0,0,0,1,0,1,0.04491092989184653,NORMAL
blk_-8949548167466276130,1,1,1,0,0,0,1,0,0,1,0.12297016981752451,NORMAL
blk_-8965508153794244104,1,1,1,1,0,0,0,0,0,1,0.21900602380048056,NORMAL
blk_-8969188698416564850,1,1,1,0,0,0,0,0,0,1,0.1844708938516601,NORMAL
blk_-8974021306351083168,1,1,1,2,0,0,0,0,0,1,0.17105675448234425,NORMAL
blk_-9001895211102825241,1,1,1,0,0,0,0,0,0,1,0.1844708938516601,NORMAL
blk_-900229825899812461,1,1,1,0,0,0,0,0,0,1,0.1844708938516601,NORMAL
blk_-900758580041645081,1,1,1,1,0,0,0,0,0,1,0.21900602380048056,NORMAL
blk_-9013487557842539661,1,1,1,1,0,0,0,0,0,1,0.21900602380048056,NORMAL
blk_-9016567407076718172,1,1,1,1,0,0,1,0,0,1,0.1150743353602891,NORMAL
blk_-9017308542351369260,1,1,1,0,0,0,1,0,0,1,0.12297016981752451,NORMAL
blk_-9038475355621289969,1,1,1,0,0,0,1,0,0,1,0.12297016981752451,NORMAL
blk_-9049344623659872649,1,1,1,1,0,0,0,0,0,1,0.21900602380048056,NORMAL
blk_-9056276727170871967,1,1,1,1,0,0,1,0,0,1,0.1150743353602891,NORMAL
blk_-9056748866943837167,1,1,1,1,0,0,0,0,0,1,0.21900602380048056,NORMAL
blk_-9056865861421808370,1,1,1,0,0,0,0,0,0,1,0.1844708938516601,NORMAL
blk_-9069971851590882719,1,1,1,1,0,0,0,0,0,1,0.21900602380048056,NORMAL
blk_-9089815063425241739,1,1,1,1,0,0,0,0,0,1,0.21900602380048056,NORMAL
blk_-9092685890953655332,1,1,1,2,0,0,0,0,0,1,0.17105675448234425,NORMAL
blk_-9098645110390099509,1,1,1,0,0,0,0,0,0,1,0.1844708938516601,NORMAL
blk_-9103764593642564543,1,1,1,2,0,0,0,0,0,1,0.17105675448234425,NORMAL
blk_-9110604833387121363,1,1,1,0,0,0,0,0,0,1,0.1844708938516601,NORMAL
blk_-9120005470237070778,1,1,1,0,0,0,0,0,0,1,0.1844708938516601,NORMAL
blk_-9132218772786220159,1,1,1,0,0,0,0,0,0,1,0.1844708938516601,NORMAL
blk_-9161369067334198861,1,1,1,0,0,0,0,0,0,1,0.1844708938516601,NORMAL
blk_-9162090767925303921,1,1,1,0,0,0,0,1,0,1,0.04491092989184653,NORMAL
blk_-9167880724995702718,1,1,1,1,0,0,0,0,0,1,0.21900602380048056,NORMAL
blk_-9169228974826183399,1,1,1,0,0,0,1,0,0,1,0.12297016981752451,NORMAL
blk_-9171803179611497035,1,1,1,0,0,0,1,0,0,1,0.12297016981752451,NORMAL
blk_-9171930401624803515,1,1,1,0,0,0,1,0,0,1,0.12297016981752451,NORMAL
blk_-917268749136585019,1,1,1,0,0,0,0,0,0,1,0.1844708938516601,NORMAL
blk_-9181958042427679309,1,1,1,1,0,0,0,0,0,1,0.21900602380048056,NORMAL
blk_-9188933731705791676,1,1,1,1,0,0,0,0,0,1,0.21900602380048056,NORMAL
blk_-9190864897806028230,1,1,1,1,0,0,0,0,0,1,0.21900602380048056,NORMAL
blk_-9198375937828232046,1,1,1,0,0,0,0,0,0,1,0.1844708938516601,NORMAL
blk_-9211699406261033878,1,1,1,1,0,0,0,0,0,1,0.21900602380048056,NORMAL
blk_-921231092429668424,1,1,1,0,0,0,1,0,0,1,0.12297016981752451,NORMAL
blk_-9220604860626391374,1,1,1,1,0,0,1,0,0,1,0.1150743353602891,NORMAL
blk_-931590117143327078,1,1,1,2,0,0,0,0,0,1,0.17105675448234425,NORMAL
blk_-945770324989341170,1,1,1,1,0,0,1,0,0,1,0.1150743353602891,NORMAL
blk_-954856062493437881,1,1,1,1,0,0,0,0,0,1,0.21900602380048056,NORMAL
blk_-966013175018359901,1,1,1,0,0,0,0,0,0,1,0.1844708938516601,NORMAL
blk_-967145856473901804,1,1,1,1,0,0,0,0,0,1,0.21900602380048056,NORMAL
blk_-989798817617753264,1,1,1,1,0,0,0,0,0,1,0.21900602380048056,NORMAL
blk_-997605125898553536,1,1,1,1,0,0,0,0,0,1,0.21900602380048056,NORMAL
blk_1002945451269828722,1,1,1,0,0,0,0,0,0,1,0.1844708938516601,NORMAL
blk_1018961650823645078,1,1,1,0,0,0,1,0,0,1,0.12297016981752451,NORMAL
blk_1021828391502582165,1,1,1,1,0,0,0,0,0,1,0.21900602380048056,NORMAL
blk_102441832197223997,1,1,1,2,0,0,0,0,0,1,0.17105675448234425,NORMAL
blk_1043487525777829194,1,1,1,1,0,0,1,0,0,1,0.1150743353602891,NORMAL
blk_1057763407402503745,1,1,1,2,0,0,0,0,0,1,0.17105675448234425,NORMAL
blk_1060814796407897179,1,1,1,1,0,0,0,0,0,1,0.21900602380048056,NORMAL
blk_1064470652608359218,1,1,1,1,0,0,0,0,0,1,0.21900602380048056,NORMAL
blk_1074754942323612586,1,1,1,2,0,0,0,0,0,1,0.17105675448234425,NORMAL
blk_107727140948970996,1,1,1,0,0,0,1,0,0,1,0.12297016981752451,NORMAL
blk_1077394056781488,1,1,1,0,0,0,0,0,0,1,0.1844708938516601,NORMAL
blk_1078000656626961731,1,1,1,2,0,0,0,0,0,1,0.17105675448234425,NORMAL
blk_1102735311308675356,1,1,1,1,0,0,1,0,0,1,0.1150743353602891,NORMAL
blk_1104376461837247304,1,1,1,0,0,0,0,1,0,1,0.04491092989184653,NORMAL
blk_111759050707136656,1,1,1,1,0,0,0,0,0,1,0.21900602380048056,NORMAL
blk_1119272693889755844,1,1,1,1,0,0,0,0,0,1,0.21900602380048056,NORMAL
blk_1122812501843755360,1,1,1,2,0,0,0,0,0,1,0.17105675448234425,NORMAL
blk_1129715194117079802,1,1,1,1,0,0,0,0,0,1,0.21900602380048056,NORMAL
blk_1144571179430079218,1,1,1,0,0,0,1,0,0,1,0.12297016981752451,NORMAL
blk_1150231966878829887,1,1,1,0,0,1,0,0,0,-1,-0.09982907586517553,ANOMALY
blk_1151012386083696649,1,1,1,1,0,0,0,0,0,1,0.21900602380048056,NORMAL
blk_1155029843511109085,1,1,1,0,0,0,0,0,0,1,0.1844708938516601,NORMAL
blk_1184972950286241114,1,1,1,0,0,0,1,0,0,1,0.12297016981752451,NORMAL
blk_1188202922232921994,1,1,1,1,0,0,0,0,0,1,0.21900602380048056,NORMAL
blk_1190791818440776717,1,1,1,1,0,0,0,0,0,1,0.21900602380048056,NORMAL
blk_1200136320542454615,1,1,1,2,0,0,0,0,0,1,0.17105675448234425,NORMAL
blk_120277101968534224,1,1,1,1,0,0,0,0,0,1,0.21900602380048056,NORMAL
blk_1213582438865696738,1,1,1,0,0,0,1,0,0,1,0.12297016981752451,NORMAL
blk_1216611589160220108,1,1,1,0,0,0,0,0,0,1,0.1844708938516601,NORMAL
blk_1247599917761164561,1,1,1,1,0,0,0,0,0,1,0.21900602380048056,NORMAL
blk_1253515519191706153,1,1,1,0,0,0,0,1,0,1,0.04491092989184653,NORMAL
blk_1259893634804870815,1,1,1,0,0,0,0,0,0,1,0.1844708938516601,NORMAL
blk_1275198635723397883,1,1,1,1,0,0,1,0,0,1,0.1150743353602891,NORMAL
blk_1279439901767890758,1,1,1,0,0,0,0,0,0,1,0.1844708938516601,NORMAL
blk_1302893891174665780,1,1,1,1,0,0,1,0,0,1,0.1150743353602891,NORMAL
blk_1303107722036031233,1,1,1,1,0,0,0,0,0,1,0.21900602380048056,NORMAL
blk_1321799290531408498,1,1,1,2,0,0,0,0,0,1,0.17105675448234425,NORMAL
blk_1345503778930512538,1,1,1,2,0,0,0,0,0,1,0.17105675448234425,NORMAL
blk_1349228381785843634,1,1,1,0,0,0,0,0,0,1,0.1844708938516601,NORMAL
blk_1350741653957819140,1,1,1,0,0,0,1,0,0,1,0.12297016981752451,NORMAL
blk_1369784431092292099,1,1,1,0,0,0,1,0,0,1,0.12297016981752451,NORMAL
blk_1379455396847512711,1,1,1,0,0,0,1,0,0,1,0.12297016981752451,NORMAL
blk_1389634598105954660,1,1,1,1,0,0,0,0,0,1,0.21900602380048056,NORMAL
blk_1394107495884949139,1,1,1,2,0,0,0,0,0,1,0.17105675448234425,NORMAL
blk_1407935810673971357,1,1,1,2,0,0,0,0,0,1,0.17105675448234425,NORMAL
blk_1408672604432845193,1,1,1,0,0,0,0,0,0,1,0.1844708938516601,NORMAL
blk_1411218759880637753,1,1,1,1,0,0,0,0,0,1,0.21900602380048056,NORMAL
blk_1441315972355360459,1,1,1,1,0,0,0,0,0,1,0.21900602380048056,NORMAL
blk_1447281351164457761,1,1,1,1,0,0,0,0,0,1,0.21900602380048056,NORMAL
blk_1463530401988623658,1,1,1,2,0,0,0,0,0,1,0.17105675448234425,NORMAL
blk_1473949624670719319,1,1,1,2,0,0,0,0,0,1,0.17105675448234425,NORMAL
blk_1481009974400305784,1,1,1,1,0,0,1,0,0,1,0.1150743353602891,NORMAL
blk_1483582953997932733,1,1,1,0,0,0,1,0,0,1,0.12297016981752451,NORMAL
blk_148513789886825227,1,1,1,2,0,0,0,0,0,1,0.17105675448234425,NORMAL
blk_1489031087420498797,1,1,1,1,0,0,0,0,0,1,0.21900602380048056,NORMAL
blk_1498192967843651378,1,1,1,1,0,0,0,0,0,1,0.21900602380048056,NORMAL
blk_1508705816376906895,1,1,1,0,0,0,0,0,0,1,0.1844708938516601,NORMAL
blk_1512136249403454074,1,1,1,2,0,0,0,0,0,1,0.17105675448234425,NORMAL
blk_1512923509505250283,1,1,1,1,0,0,0,0,0,1,0.21900602380048056,NORMAL
blk_1526403491950199810,1,1,1,1,0,0,0,0,0,1,0.21900602380048056,NORMAL
blk_153508158653341141,1,1,1,0,0,0,1,0,0,1,0.12297016981752451,NORMAL
blk_1543605971733759530,1,1,1,1,0,0,1,0,0,1,0.1150743353602891,NORMAL
blk_155320394753274773,1,1,1,1,0,0,0,0,0,1,0.21900602380048056,NORMAL
blk_1553688227908800900,1,1,1,0,0,0,1,0,0,1,0.12297016981752451,NORMAL
blk_1561008813520212225,1,1,1,1,0,0,0,0,0,1,0.21900602380048056,NORMAL
blk_157913239647511296,1,1,1,0,0,0,0,0,0,1,0.1844708938516601,NORMAL
blk_1584196996810164915,1,1,1,0,0,1,0,0,0,-1,-0.09982907586517553,ANOMALY
blk_1587615395786683981,1,1,1,0,0,0,1,0,0,1,0.12297016981752451,NORMAL
blk_1589878256898761558,1,1,1,1,0,0,0,0,0,1,0.21900602380048056,NORMAL
blk_1594026090263820445,1,1,1,1,0,0,0,0,0,1,0.21900602380048056,NORMAL
blk_1598414622053793245,1,1,1,2,0,0,0,0,0,1,0.17105675448234425,NORMAL
blk_1600228140214754078,1,1,1,1,0,0,0,0,0,1,0.21900602380048056,NORMAL
blk_1606295458729964667,1,1,1,2,0,0,0,0,0,1,0.17105675448234425,NORMAL
blk_1636660629634995787,1,1,1,1,0,0,0,0,0,1,0.21900602380048056,NORMAL
blk_1639683981444528748,1,1,1,0,0,0,0,0,0,1,0.1844708938516601,NORMAL
blk_1646534811870220828,1,1,1,2,1,0,0,0,0,1,0.0,NORMAL
blk_1646909113279517647,1,1,1,1,0,0,0,0,0,1,0.21900602380048056,NORMAL
blk_1649162819905816843,1,1,1,0,0,1,0,0,0,-1,-0.09982907586517553,ANOMALY
blk_165707910410871749,1,1,1,0,0,0,0,0,0,1,0.1844708938516601,NORMAL
blk_166171721314010075,1,1,1,1,0,0,1,0,0,1,0.1150743353602891,NORMAL
blk_1683075246463470765,1,1,1,2,1,0,0,0,0,1,0.0,NORMAL
blk_1686195200514944346,1,1,1,2,1,0,0,0,0,1,0.0,NORMAL
blk_1689772850125323349,1,1,1,0,0,0,1,0,0,1,0.12297016981752451,NORMAL
blk_1692958087244489888,1,1,1,0,0,0,1,0,0,1,0.12297016981752451,NORMAL
blk_1714886759174770356,1,1,1,1,0,0,1,0,0,1,0.1150743353602891,NORMAL
blk_1724757848743533110,1,1,1,2,0,0,0,0,0,1,0.17105675448234425,NORMAL
blk_1727371778357941761,1,1,1,2,0,0,0,0,0,1,0.17105675448234425,NORMAL
blk_1744485040428751334,1,1,1,2,0,0,0,0,0,1,0.17105675448234425,NORMAL
blk_1746384029810476219,1,1,1,0,0,0,1,0,0,1,0.12297016981752451,NORMAL
blk_1756478622414930264,1,1,1,1,0,0,0,0,0,1,0.21900602380048056,NORMAL
blk_1777689952069868672,1,1,1,1,0,0,1,0,0,1,0.1150743353602891,NORMAL
blk_1779145401405339993,1,1,1,1,0,0,0,0,0,1,0.21900602380048056,NORMAL
blk_1781953582842324563,1,1,1,0,0,0,1,0,0,1,0.12297016981752451,NORMAL
blk_1793140687921032046,1,1,1,1,0,0,0,0,0,1,0.21900602380048056,NORMAL
blk_1815340037591016775,1,1,1,1,0,0,1,0,0,1,0.1150743353602891,NORMAL
blk_1824928871191121429,1,1,1,0,0,0,1,0,0,1,0.12297016981752451,NORMAL
blk_1828089683746536118,1,1,1,1,0,0,0,0,0,1,0.21900602380048056,NORMAL
blk_1832308388558480,1,1,1,0,0,0,0,1,0,1,0.04491092989184653,NORMAL
blk_1833093108290599780,1,1,1,1,0,0,0,0,0,1,0.21900602380048056,NORMAL
blk_1838564958520120941,1,1,1,0,0,0,1,0,0,1,0.12297016981752451,NORMAL
blk_1858805942071850133,1,1,1,0,0,0,0,1,0,1,0.04491092989184653,NORMAL
blk_1859772752119590543,1,1,1,2,0,0,0,0,0,1,0.17105675448234425,NORMAL
blk_1865953191447352631,1,1,1,1,0,0,0,0,0,1,0.21900602380048056,NORMAL
blk_1869228153483717375,1,1,1,2,0,0,0,0,0,1,0.17105675448234425,NORMAL
blk_1910039736720341651,1,1,1,2,1,0,0,0,0,1,0.0,NORMAL
blk_1910319264393500537,1,1,1,0,0,0,0,1,0,1,0.04491092989184653,NORMAL
blk_1920931690498309324,1,1,1,0,0,0,1,0,0,1,0.12297016981752451,NORMAL
blk_1927336911952959118,1,1,1,0,0,0,0,0,0,1,0.1844708938516601,NORMAL
blk_1960893136630391966,1,1,1,1,0,0,1,0,0,1,0.1150743353602891,NORMAL
blk_1979447750586388860,1,1,1,1,0,0,1,0,0,1,0.1150743353602891,NORMAL
blk_1997668456720275587,1,1,1,0,0,0,0,0,0,1,0.1844708938516601,NORMAL
blk_2015610615789582788,1,1,1,1,0,0,0,0,0,1,0.21900602380048056,NORMAL
blk_2016964533702776852,1,1,1,0,0,0,0,0,0,1,0.1844708938516601,NORMAL
blk_2026200052147887341,1,1,1,0,0,0,0,0,0,1,0.1844708938516601,NORMAL
blk_2028803850179311599,1,1,1,0,0,0,0,0,0,1,0.1844708938516601,NORMAL
blk_2038610753592374847,1,1,1,2,0,0,0,0,0,1,0.17105675448234425,NORMAL
blk_2039230511363331616,1,1,1,2,0,0,0,0,0,1,0.17105675448234425,NORMAL
blk_2040222317555585426,1,1,1,0,0,0,0,0,0,1,0.1844708938516601,NORMAL
blk_2059389709317340334,1,1,1,1,0,0,0,0,0,1,0.21900602380048056,NORMAL
blk_2060553104861908174,1,1,1,1,0,0,1,0,0,1,0.1150743353602891,NORMAL
blk_2063252936853409868,1,1,1,1,0,0,0,0,0,1,0.21900602380048056,NORMAL
blk_207875475387433291,1,1,1,1,0,0,0,0,0,1,0.21900602380048056,NORMAL
blk_2080318574920472813,1,1,1,2,0,0,0,0,0,1,0.17105675448234425,NORMAL
blk_2084123600915946046,1,1,1,0,0,0,0,1,0,1,0.04491092989184653,NORMAL
blk_2089955821703690032,1,1,1,0,0,0,0,0,0,1,0.1844708938516601,NORMAL
blk_2096030750186708493,1,1,1,0,0,0,0,0,0,1,0.1844708938516601,NORMAL
blk_2096199637324483321,1,1,1,0,0,0,0,0,0,1,0.1844708938516601,NORMAL
blk_2096692261399680562,1,1,1,0,0,0,0,1,0,1,0.04491092989184653,NORMAL
blk_2101007907134483259,1,1,1,2,1,0,0,0,0,1,0.0,NORMAL
blk_2107487634698646045,1,1,1,0,0,0,1,0,0,1,0.12297016981752451,NORMAL
blk_2111886617384066018,1,1,1,0,0,0,0,0,0,1,0.1844708938516601,NORMAL
blk_2113880130496815041,1,1,1,1,0,0,0,0,0,1,0.21900602380048056,NORMAL
blk_2119401975697524206,1,1,1,1,0,0,0,0,0,1,0.21900602380048056,NORMAL
blk_2128110944185709079,1,1,1,0,0,0,0,0,0,1,0.1844708938516601,NORMAL
blk_2139707931694085102,1,1,1,2,1,0,0,0,0,1,0.0,NORMAL
blk_2147212041377545584,1,1,1,2,0,0,0,0,0,1,0.17105675448234425,NORMAL
blk_2149728827322918746,1,1,1,1,0,0,1,0,0,1,0.1150743353602891,NORMAL
blk_2151150262081352617,1,1,1,0,0,0,0,0,0,1,0.1844708938516601,NORMAL
blk_2154193600525549460,1,1,1,1,0,0,1,0,0,1,0.1150743353602891,NORMAL
blk_215466486430758887,1,1,1,0,0,0,0,0,0,1,0.1844708938516601,NORMAL
blk_2156262111024914941,1,1,1,0,0,0,1,0,0,1,0.12297016981752451,NORMAL
blk_2157471834570224881,1,1,1,1,0,0,0,0,0,1,0.21900602380048056,NORMAL
blk_2166777223671724319,1,1,1,2,0,0,0,0,0,1,0.17105675448234425,NORMAL
blk_2180875151184358991,1,1,1,0,0,0,1,0,0,1,0.12297016981752451,NORMAL
blk_2208589726473895860,1,1,1,2,0,0,0,0,0,1,0.17105675448234425,NORMAL
blk_2215517976324634098,1,1,1,0,0,0,1,0,0,1,0.12297016981752451,NORMAL
blk_2241654010576170013,1,1,1,0,0,0,0,0,0,1,0.1844708938516601,NORMAL
blk_2243777557693112935,1,1,1,0,0,0,0,0,0,1,0.1844708938516601,NORMAL
blk_2244903517044280975,1,1,1,2,1,0,0,0,0,1,0.0,NORMAL
blk_22457656256024207,1,1,1,0,0,0,1,0,0,1,0.12297016981752451,NORMAL
blk_2247786307216183697,1,1,1,1,0,0,0,0,0,1,0.21900602380048056,NORMAL
blk_2253084440592362960,1,1,1,1,0,0,0,0,0,1,0.21900602380048056,NORMAL
blk_2259206517962925438,1,1,1,1,0,0,1,0,0,1,0.1150743353602891,NORMAL
blk_2261089810991980611,1,1,1,0,0,0,0,0,0,1,0.1844708938516601,NORMAL
blk_2262752117989012641,1,1,1,2,1,0,0,0,0,1,0.0,NORMAL
blk_2270593866672608129,1,1,1,1,0,0,0,0,0,1,0.21900602380048056,NORMAL
blk_2273334621242106674,1,1,1,2,0,0,0,0,0,1,0.17105675448234425,NORMAL
blk_2278708746675870163,1,1,1,0,0,0,1,0,0,1,0.12297016981752451,NORMAL
blk_2282833575688432184,1,1,1,0,0,0,0,0,0,1,0.1844708938516601,NORMAL
blk_2294700909811950327,1,1,1,1,0,0,0,0,0,1,0.21900602380048056,NORMAL
blk_2304296078821316612,1,1,1,1,0,0,1,0,0,1,0.1150743353602891,NORMAL
blk_2312679955495839894,1,1,1,1,0,0,0,0,0,1,0.21900602380048056,NORMAL
blk_231502148921342925,1,1,1,1,0,0,0,0,0,1,0.21900602380048056,NORMAL
blk_2322432806134104317,1,1,1,2,0,0,0,0,0,1,0.17105675448234425,NORMAL
blk_2341651676737321162,1,1,1,1,0,0,1,0,0,1,0.1150743353602891,NORMAL
blk_2353918919834315845,1,1,1,0,0,0,1,0,0,1,0.12297016981752451,NORMAL
blk_2377150260128098806,1,1,1,1,0,0,0,0,0,1,0.21900602380048056,NORMAL
blk_2377944115560974127,1,1,1,2,0,0,0,0,0,1,0.17105675448234425,NORMAL
blk_2380775154966815858,1,1,1,2,0,0,0,0,0,1,0.17105675448234425,NORMAL
blk_2389216938154332862,1,1,1,0,0,0,0,0,0,1,0.1844708938516601,NORMAL
blk_2403370969415186087,1,1,1,0,0,0,1,0,0,1,0.12297016981752451,NORMAL
blk_241585185788373386,1,1,1,1,0,0,0,0,0,1,0.21900602380048056,NORMAL
blk_2426255659473300323,1,1,1,1,0,0,1,0,0,1,0.1150743353602891,NORMAL
blk_2430417102497887445,1,1,1,1,0,0,0,0,0,1,0.21900602380048056,NORMAL
blk_2460145905812664251,1,1,1,1,0,0,0,0,0,1,0.21900602380048056,NORMAL
blk_2468407162668753567,1,1,1,1,0,0,1,0,0,1,0.1150743353602891,NORMAL
blk_2473550781612396886,1,1,1,0,0,0,1,0,0,1,0.12297016981752451,NORMAL
blk_2474460483915499078,1,1,1,1,0,0,0,0,0,1,0.21900602380048056,NORMAL
blk_247452006316846355,1,1,1,1,0,0,1,0,0,1,0.1150743353602891,NORMAL
blk_2489882700357182381,1,1,1,0,0,0,1,0,0,1,0.12297016981752451,NORMAL
blk_2508619583759354778,1,1,1,0,0,0,0,0,0,1,0.1844708938516601,NORMAL
blk_2513940824125131775,1,1,1,0,0,0,0,1,0,1,0.04491092989184653,NORMAL
blk_2529569087635823495,1,1,1,0,0,0,0,0,0,1,0.1844708938516601,NORMAL
blk_2568309208894455676,1,1,1,1,0,0,1,0,0,1,0.1150743353602891,NORMAL
blk_2570966823909513791,1,1,1,0,0,0,0,0,0,1,0.1844708938516601,NORMAL
blk_2576408434603492552,1,1,1,1,0,0,1,0,0,1,0.1150743353602891,NORMAL
blk_2583125615128303019,1,1,1,2,0,0,0,0,0,1,0.17105675448234425,NORMAL
blk_2583600095045026513,1,1,1,2,0,0,0,0,0,1,0.17105675448234425,NORMAL
blk_2593937801738981947,1,1,1,1,0,0,0,0,0,1,0.21900602380048056,NORMAL
blk_2599050023684318911,1,1,1,1,0,0,0,0,0,1,0.21900602380048056,NORMAL
blk_2616961363639592748,1,1,1,1,0,0,0,0,0,1,0.21900602380048056,NORMAL
blk_2618566506268332756,1,1,1,1,0,0,0,0,0,1,0.21900602380048056,NORMAL
blk_2630223487595425525,1,1,1,0,0,0,0,1,0,1,0.04491092989184653,NORMAL
blk_2652444451422301232,1,1,1,1,0,0,0,0,0,1,0.21900602380048056,NORMAL
blk_2657997043417110888,1,1,1,1,0,0,1,0,0,1,0.1150743353602891,NORMAL
blk_2691304991047255190,1,1,1,0,0,0,0,0,0,1,0.1844708938516601,NORMAL
blk_2708206493147801743,1,1,1,0,0,0,1,0,0,1,0.12297016981752451,NORMAL
blk_271142976916798281,1,1,1,2,0,0,0,0,0,1,0.17105675448234425,NORMAL
blk_2713941272199175167,1,1,1,1,0,0,1,0,0,1,0.1150743353602891,NORMAL
blk_2731617036199392057,1,1,1,0,0,0,1,0,0,1,0.12297016981752451,NORMAL
blk_2731746367139956284,1,1,1,0,0,0,1,0,0,1,0.12297016981752451,NORMAL
blk_2735034460607366827,1,1,1,2,0,0,0,0,0,1,0.17105675448234425,NORMAL
blk_2736251498135196075,1,1,1,1,0,0,1,0,0,1,0.1150743353602891,NORMAL
blk_2737505352081488746,1,1,1,2,0,0,0,0,0,1,0.17105675448234425,NORMAL
blk_2740792916077430444,1,1,1,1,0,0,0,0,0,1,0.21900602380048056,NORMAL
blk_2749066163012162435,1,1,1,1,0,0,0,0,0,1,0.21900602380048056,NORMAL
blk_2756799797410851893,1,1,1,0,0,0,1,0,0,1,0.12297016981752451,NORMAL
blk_2771018387166611008,1,1,1,1,0,0,0,0,0,1,0.21900602380048056,NORMAL
blk_278357163850888,1,1,1,1,0,0,0,0,0,1,0.21900602380048056,NORMAL
blk_2819581679409796253,1,1,1,0,0,0,0,0,0,1,0.1844708938516601,NORMAL
blk_2824047463816148563,1,1,1,2,0,0,0,0,0,1,0.17105675448234425,NORMAL
blk_2833019093942278701,1,1,1,0,0,0,0,0,0,1,0.1844708938516601,NORMAL
blk_283922378823540530,1,1,1,0,0,0,0,0,0,1,0.1844708938516601,NORMAL
blk_2847401988110989655,1,1,1,0,0,0,0,1,0,1,0.04491092989184653,NORMAL
blk_2851869865185325732,1,1,1,0,0,0,0,0,0,1,0.1844708938516601,NORMAL
blk_285336326661214154,1,1,1,0,0,0,0,1,0,1,0.04491092989184653,NORMAL
blk_2866275036574950116,1,1,1,2,0,0,0,0,0,1,0.17105675448234425,NORMAL
blk_2869833078504290822,1,1,1,1,0,0,1,0,0,1,0.1150743353602891,NORMAL
blk_2879780987351022871,1,1,1,2,1,0,0,0,0,1,0.0,NORMAL
blk_2904134648927436267,1,1,1,0,0,1,0,0,0,-1,-0.09982907586517553,ANOMALY
blk_2917692073041583988,1,1,1,0,0,0,0,0,0,1,0.1844708938516601,NORMAL
blk_2937758977269298350,1,1,1,2,0,0,0,0,0,1,0.17105675448234425,NORMAL
blk_2953550760670423417,1,1,1,0,0,0,0,0,0,1,0.1844708938516601,NORMAL
blk_2957756905007569214,1,1,1,0,0,0,0,0,0,1,0.1844708938516601,NORMAL
blk_2967299761311489673,1,1,1,2,1,0,0,0,0,1,0.0,NORMAL
blk_2969087638814291714,1,1,1,2,1,0,0,0,0,1,0.0,NORMAL
blk_2972699288862031202,1,1,1,2,0,0,0,0,0,1,0.17105675448234425,NORMAL
blk_2974262690755997396,1,1,1,0,0,0,0,0,0,1,0.1844708938516601,NORMAL
blk_2980964138205299397,1,1,1,2,0,0,0,0,0,1,0.17105675448234425,NORMAL
blk_2986720270598512615,1,1,1,2,0,0,0,0,0,1,0.17105675448234425,NORMAL
blk_300967862449910205,1,1,1,1,0,0,0,0,0,1,0.21900602380048056,NORMAL
blk_3016571528120363023,1,1,1,2,0,0,0,0,0,1,0.17105675448234425,NORMAL
blk_3020717811556957482,1,1,1,2,0,0,0,0,0,1,0.17105675448234425,NORMAL
blk_3049351456771045311,1,1,1,1,0,0,0,0,0,1,0.21900602380048056,NORMAL
blk_3050920587428079149,1,1,1,1,0,0,0,0,0,1,0.21900602380048056,NORMAL
blk_3067558337579347170,1,1,1,2,0,0,0,0,0,1,0.17105675448234425,NORMAL
blk_3068335169639013019,1,1,1,1,0,0,0,0,0,1,0.21900602380048056,NORMAL
blk_3070718541088657475,1,1,1,0,0,0,0,0,0,1,0.1844708938516601,NORMAL
blk_3073404534069578592,1,1,1,1,0,0,0,0,0,1,0.21900602380048056,NORMAL
blk_3076992299328673559,1,1,1,0,0,0,1,0,0,1,0.12297016981752451,NORMAL
blk_3079488924320077240,1,1,1,1,0,0,0,0,0,1,0.21900602380048056,NORMAL
blk_3083630442630693250,1,1,1,1,0,0,0,0,0,1,0.21900602380048056,NORMAL
blk_3084588477220583373,1,1,1,1,0,0,0,0,0,1,0.21900602380048056,NORMAL
blk_3087787567144441647,1,1,1,2,0,0,0,0,0,1,0.17105675448234425,NORMAL
blk_3088175971503531298,1,1,1,0,0,0,0,0,0,1,0.1844708938516601,NORMAL
blk_3107521534415119817,1,1,1,1,0,0,0,0,0,1,0.21900602380048056,NORMAL
blk_3134656542322449478,1,1,1,1,0,0,0,0,0,1,0.21900602380048056,NORMAL
blk_313888672758374538,1,1,1,2,0,0,0,0,0,1,0.17105675448234425,NORMAL
blk_3141363517520802396,1,1,1,0,0,1,0,0,0,-1,-0.09982907586517553,ANOMALY
blk_3160319368100972992,1,1,1,0,0,0,0,0,0,1,0.1844708938516601,NORMAL
blk_3166960787499091856,1,1,1,2,0,0,0,0,0,1,0.17105675448234425,NORMAL
blk_3169060243663461885,1,1,1,2,1,0,0,0,0,1,0.0,NORMAL
blk_3181161977343808286,1,1,1,2,0,0,0,0,0,1,0.17105675448234425,NORMAL
blk_3202507081359904616,1,1,1,1,0,0,0,0,0,1,0.21900602380048056,NORMAL
blk_3206064173813164493,1,1,1,1,0,0,0,0,0,1,0.21900602380048056,NORMAL
blk_3221204570666147236,1,1,1,0,0,0,1,0,0,1,0.12297016981752451,NORMAL
blk_3222673463853349950,1,1,1,1,0,0,0,0,0,1,0.21900602380048056,NORMAL
blk_3224184805694764748,1,1,1,1,0,0,0,0,0,1,0.21900602380048056,NORMAL
blk_3224393364314749254,1,1,1,1,0,0,0,0,0,1,0.21900602380048056,NORMAL
blk_3231389654886008065,1,1,1,1,0,0,1,0,0,1,0.1150743353602891,NORMAL
blk_3235988328669699941,1,1,1,2,0,0,0,0,0,1,0.17105675448234425,NORMAL
blk_323887415551221572,1,1,1,2,0,0,0,0,0,1,0.17105675448234425,NORMAL
blk_3242229894054064344,1,1,1,1,0,0,0,0,0,1,0.21900602380048056,NORMAL
blk_3243316191092266549,1,1,1,1,0,0,0,0,0,1,0.21900602380048056,NORMAL
blk_3248835454898465560,1,1,1,2,0,0,0,0,0,1,0.17105675448234425,NORMAL
blk_325981833999429148,1,1,1,1,0,0,0,0,0,1,0.21900602380048056,NORMAL
blk_3259872359515191972,1,1,1,0,0,0,0,0,0,1,0.1844708938516601,NORMAL
blk_3274968259628929519,1,1,1,0,0,0,1,0,0,1,0.12297016981752451,NORMAL
blk_3278280638950561822,1,1,1,0,0,0,0,0,0,1,0.1844708938516601,NORMAL
blk_3280859030919654043,1,1,1,1,0,0,1,0,0,1,0.1150743353602891,NORMAL
blk_3291173852929756766,1,1,1,0,0,0,0,1,0,1,0.04491092989184653,NORMAL
blk_3304535870056962597,1,1,1,1,0,0,0,0,0,1,0.21900602380048056,NORMAL
blk_3312198496468502316,1,1,1,0,0,0,1,0,0,1,0.12297016981752451,NORMAL
blk_3318864983801406136,1,1,1,0,0,0,0,0,0,1,0.1844708938516601,NORMAL
blk_3322875843051058970,1,1,1,2,0,0,0,0,0,1,0.17105675448234425,NORMAL
blk_3332848207645320273,1,1,1,1,0,0,1,0,0,1,0.1150743353602891,NORMAL
blk_3336810835691486095,1,1,1,0,0,0,1,0,0,1,0.12297016981752451,NORMAL
blk_3338047823148530794,1,1,1,0,0,0,0,0,0,1,0.1844708938516601,NORMAL
blk_3358274959811806117,1,1,1,2,0,0,0,0,0,1,0.17105675448234425,NORMAL
blk_3376391218693716925,1,1,1,0,0,0,0,1,0,1,0.04491092989184653,NORMAL
blk_3378157549705391333,1,1,1,0,0,0,0,0,0,1,0.1844708938516601,NORMAL
blk_3386670145292909259,1,1,1,1,0,0,0,0,0,1,0.21900602380048056,NORMAL
blk_3406384548372443486,1,1,1,1,0,0,0,0,0,1,0.21900602380048056,NORMAL
blk_342378162324355732,1,1,1,2,0,0,0,0,0,1,0.17105675448234425,NORMAL
blk_3428998332517532825,1,1,1,1,0,0,1,0,0,1,0.1150743353602891,NORMAL
blk_3433046099598424314,1,1,1,0,0,0,0,0,0,1,0.1844708938516601,NORMAL
blk_3441699978641526775,1,1,1,2,1,0,0,0,0,1,0.0,NORMAL
blk_344934934043642744,1,1,1,1,0,0,0,0,0,1,0.21900602380048056,NORMAL
blk_345577139488306634,1,1,1,2,0,0,0,0,0,1,0.17105675448234425,NORMAL
blk_3463540868626173125,1,1,1,1,0,0,0,0,0,1,0.21900602380048056,NORMAL
blk_3480684347183600958,1,1,1,1,0,0,0,0,0,1,0.21900602380048056,NORMAL
blk_34905976850091068,1,1,1,0,0,0,0,0,0,1,0.1844708938516601,NORMAL
blk_3492869167398569662,1,1,1,1,0,0,1,0,0,1,0.1150743353602891,NORMAL
blk_3506875694435075421,1,1,1,1,0,0,0,0,0,1,0.21900602380048056,NORMAL
blk_3515154079719300106,1,1,1,2,0,0,0,0,0,1,0.17105675448234425,NORMAL
blk_352185875883785141,1,1,1,0,0,0,1,0,0,1,0.12297016981752451,NORMAL
blk_3539852484771802299,1,1,1,1,0,0,1,0,0,1,0.1150743353602891,NORMAL
blk_3542047035353248258,1,1,1,2,0,0,0,0,0,1,0.17105675448234425,NORMAL
blk_3550669278239526374,1,1,1,1,0,0,0,0,0,1,0.21900602380048056,NORMAL
blk_355286618997526877,1,1,1,1,0,0,1,0,0,1,0.1150743353602891,NORMAL
blk_356592557993755459,1,1,1,1,0,0,1,0,0,1,0.1150743353602891,NORMAL
blk_358331073189608564,1,1,1,1,0,0,1,0,0,1,0.1150743353602891,NORMAL
blk_3584162266158512993,1,1,1,0,0,0,0,0,0,1,0.1844708938516601,NORMAL
blk_3585424189730250601,1,1,1,1,0,0,0,0,0,1,0.21900602380048056,NORMAL
blk_3585588704565901062,1,1,1,0,0,0,1,0,0,1,0.12297016981752451,NORMAL
blk_3586596428873150919,1,1,1,1,0,0,0,0,0,1,0.21900602380048056,NORMAL
blk_3587508140051953248,1,1,1,1,0,0,0,0,0,1,0.21900602380048056,NORMAL
blk_3598226258881465924,1,1,1,2,0,0,0,0,0,1,0.17105675448234425,NORMAL
blk_3598904881888399067,1,1,1,1,0,0,1,0,0,1,0.1150743353602891,NORMAL
blk_3637945019239882309,1,1,1,1,0,0,1,0,0,1,0.1150743353602891,NORMAL
blk_3652427357251545055,1,1,1,1,0,0,1,0,0,1,0.1150743353602891,NORMAL
blk_365496398062338141,1,1,1,2,0,0,0,0,0,1,0.17105675448234425,NORMAL
blk_3695169334833427187,1,1,1,0,0,0,0,0,0,1,0.1844708938516601,NORMAL
blk_3706543205492061794,1,1,1,0,0,0,1,0,0,1,0.12297016981752451,NORMAL
blk_3729730843466061623,1,1,1,1,0,0,1,0,0,1,0.1150743353602891,NORMAL
blk_3733339790842827121,1,1,1,0,0,0,1,0,0,1,0.12297016981752451,NORMAL
blk_3735517274901501821,1,1,1,1,0,0,1,0,0,1,0.1150743353602891,NORMAL
blk_3755116621101133849,1,1,1,0,0,0,0,0,0,1,0.1844708938516601,NORMAL
blk_3763728533434719668,1,1,1,2,1,0,0,0,0,1,0.0,NORMAL
blk_3764801892187716497,1,1,1,1,0,0,0,0,0,1,0.21900602380048056,NORMAL
blk_3764836840384130740,1,1,1,0,0,0,0,1,0,1,0.04491092989184653,NORMAL
blk_3776895047834644694,1,1,1,0,0,0,0,1,0,1,0.04491092989184653,NORMAL
blk_3777389444004341563,1,1,1,1,0,0,0,0,0,1,0.21900602380048056,NORMAL
blk_3777399812922072863,1,1,1,1,0,0,0,0,0,1,0.21900602380048056,NORMAL
blk_3777400576053320362,1,1,1,1,0,0,0,0,0,1,0.21900602380048056,NORMAL
blk_3781645897486585075,1,1,1,0,0,0,0,0,0,1,0.1844708938516601,NORMAL
blk_3790492230047189408,1,1,1,2,1,0,0,0,0,1,0.0,NORMAL
blk_3792448673967861371,1,1,1,1,0,0,1,0,0,1,0.1150743353602891,NORMAL
blk_3797494971676497497,1,1,1,2,0,0,0,0,0,1,0.17105675448234425,NORMAL
blk_3808164640986377400,1,1,1,2,0,0,0,0,0,1,0.17105675448234425,NORMAL
blk_3813891701916249413,1,1,1,1,0,0,0,0,0,1,0.21900602380048056,NORMAL
blk_3846795603907041885,1,1,1,2,0,0,0,0,0,1,0.17105675448234425,NORMAL
blk_3848747149919646864,1,1,1,2,1,0,0,0,0,1,0.0,NORMAL
blk_3849239820458663566,1,1,1,1,0,0,0,0,0,1,0.21900602380048056,NORMAL
blk_3852281952649038166,1,1,1,1,0,0,0,0,0,1,0.21900602380048056,NORMAL
blk_3858015337960682724,1,1,1,1,0,0,1,0,0,1,0.1150743353602891,NORMAL
blk_3862032846413436284,1,1,1,0,0,0,1,0,0,1,0.12297016981752451,NORMAL
blk_387577766066135394,1,1,1,0,0,0,0,1,0,1,0.04491092989184653,NORMAL
blk_3876184938151091897,1,1,1,1,0,0,1,0,0,1,0.1150743353602891,NORMAL
blk_38865049064139660,1,1,1,0,0,0,0,0,0,1,0.1844708938516601,NORMAL
blk_3894335463008345041,1,1,1,0,0,1,0,0,0,-1,-0.09982907586517553,ANOMALY
blk_3905759687686730625,1,1,1,2,0,0,0,0,0,1,0.17105675448234425,NORMAL
blk_3911263675181899748,1,1,1,1,0,0,0,0,0,1,0.21900602380048056,NORMAL
blk_391507259220628397,1,1,1,0,0,0,1,0,0,1,0.12297016981752451,NORMAL
blk_391813102554451063,1,1,1,0,0,0,0,0,0,1,0.1844708938516601,NORMAL
blk_3921292580505776296,1,1,1,0,0,0,1,0,0,1,0.12297016981752451,NORMAL
blk_3922791077126964673,1,1,1,0,0,0,0,0,0,1,0.1844708938516601,NORMAL
blk_392347292517057138,1,1,1,2,0,0,0,0,0,1,0.17105675448234425,NORMAL
blk_3924177422736829493,1,1,1,1,0,0,0,0,0,1,0.21900602380048056,NORMAL
blk_3940282600163903101,1,1,1,0,0,0,0,0,0,1,0.1844708938516601,NORMAL
blk_3941798034503185737,1,1,1,2,0,0,0,0,0,1,0.17105675448234425,NORMAL
blk_3946183108430554053,1,1,1,1,0,0,1,0,0,1,0.1150743353602891,NORMAL
blk_3954386352306480748,1,1,1,1,0,0,0,0,0,1,0.21900602380048056,NORMAL
blk_3958940914408609637,1,1,1,0,0,0,0,0,0,1,0.1844708938516601,NORMAL
blk_3960527526103274525,1,1,1,1,0,0,0,0,0,1,0.21900602380048056,NORMAL
blk_3961831045048378097,1,1,1,1,0,0,0,0,0,1,0.21900602380048056,NORMAL
blk_3962600675982666210,1,1,1,2,0,0,0,0,0,1,0.17105675448234425,NORMAL
blk_3963698556744744747,1,1,1,2,0,0,0,0,0,1,0.17105675448234425,NORMAL
blk_3972778210951456006,1,1,1,2,0,0,0,0,0,1,0.17105675448234425,NORMAL
blk_397848436489409658,1,1,1,0,0,0,0,0,0,1,0.1844708938516601,NORMAL
blk_3979872751691718643,1,1,1,2,0,0,0,0,0,1,0.17105675448234425,NORMAL
blk_4007982883396598426,1,1,1,0,0,0,1,0,0,1,0.12297016981752451,NORMAL
blk_4029139044660806713,1,1,1,1,0,0,1,0,0,1,0.1150743353602891,NORMAL
blk_4029732570544915384,1,1,1,1,0,0,0,0,0,1,0.21900602380048056,NORMAL
blk_4031738712701565209,1,1,1,1,0,0,0,0,0,1,0.21900602380048056,NORMAL
blk_4048438071314937575,1,1,1,2,1,0,0,0,0,1,0.0,NORMAL
blk_406835586147450451,1,1,1,0,0,0,0,0,0,1,0.1844708938516601,NORMAL
blk_4068667188725811395,1,1,1,0,0,0,0,0,0,1,0.1844708938516601,NORMAL
blk_4069436988023676023,1,1,1,1,0,0,0,0,0,1,0.21900602380048056,NORMAL
blk_4081177399275502985,1,1,1,2,0,0,0,0,0,1,0.17105675448234425,NORMAL
blk_4098532420907418423,1,1,1,1,0,0,0,0,0,1,0.21900602380048056,NORMAL
blk_412956398445037066,1,1,1,0,0,0,0,0,0,1,0.1844708938516601,NORMAL
blk_413552235254424009,1,1,1,1,0,0,1,0,0,1,0.1150743353602891,NORMAL
blk_4149909442914612270,1,1,1,2,0,0,0,0,0,1,0.17105675448234425,NORMAL
blk_4154740411570608045,1,1,1,1,0,0,0,0,0,1,0.21900602380048056,NORMAL
blk_4162832865986721185,1,1,1,0,0,0,1,0,0,1,0.12297016981752451,NORMAL
blk_4170936278386288557,1,1,1,1,0,0,0,0,0,1,0.21900602380048056,NORMAL
blk_4178945095089206682,1,1,1,0,0,0,0,0,0,1,0.1844708938516601,NORMAL
blk_4182287230523664560,1,1,1,1,0,0,0,0,0,1,0.21900602380048056,NORMAL
blk_4198733391373026104,1,1,1,2,0,0,0,0,0,1,0.17105675448234425,NORMAL
blk_4207359722112667226,1,1,1,0,0,0,0,0,0,1,0.1844708938516601,NORMAL
blk_4210124392039605712,1,1,1,0,0,0,0,1,0,1,0.04491092989184653,NORMAL
blk_4214952053910973364,1,1,1,0,0,0,0,1,0,1,0.04491092989184653,NORMAL
blk_4225726256421431188,1,1,1,0,0,0,0,1,0,1,0.04491092989184653,NORMAL
blk_4231049049582051919,1,1,1,1,0,0,0,0,0,1,0.21900602380048056,NORMAL
blk_4233013542759682998,1,1,1,2,0,0,0,0,0,1,0.17105675448234425,NORMAL
blk_4234385041723406944,1,1,1,1,0,0,0,0,0,1,0.21900602380048056,NORMAL
blk_4238127626194855481,1,1,1,2,0,0,0,0,0,1,0.17105675448234425,NORMAL
blk_423916008836295480,1,1,1,1,0,0,0,0,0,1,0.21900602380048056,NORMAL
blk_424255210146453297,1,1,1,2,1,0,0,0,0,1,0.0,NORMAL
blk_424461424221613461,1,1,1,2,1,0,0,0,0,1,0.0,NORMAL
blk_4263664068073345850,1,1,1,1,0,0,0,0,0,1,0.21900602380048056,NORMAL
blk_426381928692704514,1,1,1,1,0,0,0,0,0,1,0.21900602380048056,NORMAL
blk_427477290315080955,1,1,1,1,0,0,0,0,0,1,0.21900602380048056,NORMAL
blk_427714267500527780,1,1,1,1,0,0,0,0,0,1,0.21900602380048056,NORMAL
blk_4284688617983009262,1,1,1,2,0,0,0,0,0,1,0.17105675448234425,NORMAL
blk_4292382298896622412,1,1,1,2,0,0,0,0,0,1,0.17105675448234425,NORMAL
blk_429279891070363457,1,1,1,0,0,0,0,0,0,1,0.1844708938516601,NORMAL
blk_4294115716822011564,1,1,1,1,0,0,0,0,0,1,0.21900602380048056,NORMAL
blk_4307207852226914003,1,1,1,1,0,0,0,0,0,1,0.21900602380048056,NORMAL
blk_4318179566727871532,1,1,1,1,0,0,0,0,0,1,0.21900602380048056,NORMAL
blk_4330492872922862223,1,1,1,1,0,0,0,0,0,1,0.21900602380048056,NORMAL
blk_434034567989619521,1,1,1,1,0,0,1,0,0,1,0.1150743353602891,NORMAL
blk_4343207286455274569,1,1,1,2,0,0,0,0,0,1,0.17105675448234425,NORMAL
blk_4355450627202483068,1,1,1,2,0,0,0,0,0,1,0.17105675448234425,NORMAL
blk_4357276972386184626,1,1,1,2,1,0,0,0,0,1,0.0,NORMAL
blk_4361294871479973840,1,1,1,1,0,0,0,0,0,1,0.21900602380048056,NORMAL
blk_4365203784873840210,1,1,1,0,0,0,1,0,0,1,0.12297016981752451,NORMAL
blk_4367982328407767477,1,1,1,0,0,0,1,0,0,1,0.12297016981752451,NORMAL
blk_4385764838827095986,1,1,1,1,0,0,0,0,0,1,0.21900602380048056,NORMAL
blk_4404895858852856851,1,1,1,0,0,0,0,0,0,1,0.1844708938516601,NORMAL
blk_4414644179961808738,1,1,1,2,0,0,0,0,0,1,0.17105675448234425,NORMAL
blk_4433676399725693167,1,1,1,1,0,0,0,0,0,1,0.21900602380048056,NORMAL
blk_4438674026376140804,1,1,1,1,0,0,1,0,0,1,0.1150743353602891,NORMAL
blk_4443043493758564822,1,1,1,1,0,0,0,0,0,1,0.21900602380048056,NORMAL
blk_446513188203036714,1,1,1,1,0,0,0,0,0,1,0.21900602380048056,NORMAL
blk_4471044334742081825,1,1,1,1,0,0,1,0,0,1,0.1150743353602891,NORMAL
blk_4473390551542202999,1,1,1,1,0,0,0,0,0,1,0.21900602380048056,NORMAL
blk_449049393237281194,1,1,1,0,0,0,1,0,0,1,0.12297016981752451,NORMAL
blk_4499140370762613763,1,1,1,1,0,0,1,0,0,1,0.1150743353602891,NORMAL
blk_4506604798892399878,1,1,1,0,0,0,1,0,0,1,0.12297016981752451,NORMAL
blk_4513772639980123655,1,1,1,0,0,0,1,0,0,1,0.12297016981752451,NORMAL
blk_4516306414837452219,1,1,1,1,0,0,1,0,0,1,0.1150743353602891,NORMAL
blk_4524198807982839635,1,1,1,2,1,0,0,0,0,1,0.0,NORMAL
blk_4531288786306744275,1,1,1,0,0,0,0,1,0,1,0.04491092989184653,NORMAL
blk_4539833452749813987,1,1,1,1,0,0,0,0,0,1,0.21900602380048056,NORMAL
blk_4553790855855864497,1,1,1,1,0,0,0,0,0,1,0.21900602380048056,NORMAL
blk_4565822428702518889,1,1,1,0,0,0,0,0,0,1,0.1844708938516601,NORMAL
blk_4568377692254637284,1,1,1,0,0,0,0,0,0,1,0.1844708938516601,NORMAL
blk_4568434182693165548,1,1,1,1,0,0,0,0,0,1,0.21900602380048056,NORMAL
blk_4575129504644372394,1,1,1,0,0,0,0,0,0,1,0.1844708938516601,NORMAL
blk_4577632468651859430,1,1,1,1,0,0,0,0,0,1,0.21900602380048056,NORMAL
blk_4581070264530964999,1,1,1,2,1,0,0,0,0,1,0.0,NORMAL
blk_4585055992495043771,1,1,1,1,0,0,0,0,0,1,0.21900602380048056,NORMAL
blk_4588471931728384541,1,1,1,1,0,0,0,0,0,1,0.21900602380048056,NORMAL
blk_4599950495841528213,1,1,1,2,0,0,0,0,0,1,0.17105675448234425,NORMAL
blk_4614530673206341566,1,1,1,1,0,0,0,0,0,1,0.21900602380048056,NORMAL
blk_4628142183191390143,1,1,1,1,0,0,0,0,0,1,0.21900602380048056,NORMAL
blk_4628975089896927394,1,1,1,0,0,0,0,0,0,1,0.1844708938516601,NORMAL
blk_4631777956354958682,1,1,1,1,0,0,1,0,0,1,0.1150743353602891,NORMAL
blk_4632283243694149854,1,1,1,0,0,0,1,0,0,1,0.12297016981752451,NORMAL
blk_4638603954320058978,1,1,1,0,0,0,0,0,0,1,0.1844708938516601,NORMAL
blk_4640277741339926850,1,1,1,1,0,0,1,0,0,1,0.1150743353602891,NORMAL
blk_4641147544753118391,1,1,1,1,0,0,0,0,0,1,0.21900602380048056,NORMAL
blk_465845235850106928,1,1,1,2,0,0,0,0,0,1,0.17105675448234425,NORMAL
blk_4658551441818960395,1,1,1,0,0,0,1,0,0,1,0.12297016981752451,NORMAL
blk_467589865104023338,1,1,1,1,0,0,0,0,0,1,0.21900602380048056,NORMAL
blk_469126362137371425,1,1,1,2,0,0,0,0,0,1,0.17105675448234425,NORMAL
blk_469871968689793326,1,1,1,1,0,0,0,0,0,1,0.21900602380048056,NORMAL
blk_4713539908695785630,1,1,1,0,0,0,1,0,0,1,0.12297016981752451,NORMAL
blk_4713968111267226537,1,1,1,1,0,0,1,0,0,1,0.1150743353602891,NORMAL
blk_4738781172941319823,1,1,1,1,0,0,1,0,0,1,0.1150743353602891,NORMAL
blk_4741107979793372752,1,1,1,0,0,0,0,0,0,1,0.1844708938516601,NORMAL
blk_4742178675580222210,1,1,1,2,0,0,0,0,0,1,0.17105675448234425,NORMAL
blk_4755566011267050000,1,1,1,1,0,0,0,0,0,1,0.21900602380048056,NORMAL
blk_4774383661473695119,1,1,1,1,0,0,0,0,0,1,0.21900602380048056,NORMAL
blk_4774656339381154282,1,1,1,0,0,0,0,0,0,1,0.1844708938516601,NORMAL
blk_4777657900314457675,1,1,1,1,0,0,0,0,0,1,0.21900602380048056,NORMAL
blk_4783621682384104986,1,1,1,2,0,0,0,0,0,1,0.17105675448234425,NORMAL
blk_4786794545180705888,1,1,1,0,0,0,0,0,0,1,0.1844708938516601,NORMAL
blk_4802366409699286298,1,1,1,1,0,0,0,0,0,1,0.21900602380048056,NORMAL
blk_4812792845864526586,1,1,1,1,0,0,0,0,0,1,0.21900602380048056,NORMAL
blk_481857539063371482,1,1,1,2,1,0,0,0,0,1,0.0,NORMAL
blk_4820650745157199554,1,1,1,2,0,0,0,0,0,1,0.17105675448234425,NORMAL
blk_4834069779372284635,1,1,1,1,0,0,1,0,0,1,0.1150743353602891,NORMAL
blk_4841101867353115844,1,1,1,0,0,0,0,1,0,1,0.04491092989184653,NORMAL
blk_4848669047361069041,1,1,1,2,0,0,0,0,0,1,0.17105675448234425,NORMAL
blk_4863571548336254624,1,1,1,0,0,0,1,0,0,1,0.12297016981752451,NORMAL
blk_4873550540813847659,1,1,1,0,0,0,0,0,0,1,0.1844708938516601,NORMAL
blk_48742413802609430,1,1,1,1,0,0,0,0,0,1,0.21900602380048056,NORMAL
blk_4877808040461609832,1,1,1,0,0,0,0,0,0,1,0.1844708938516601,NORMAL
blk_4884219613602801814,1,1,1,0,0,0,0,0,0,1,0.1844708938516601,NORMAL
blk_4886940526690879848,1,1,1,0,0,0,0,0,0,1,0.1844708938516601,NORMAL
blk_4893049344332234616,1,1,1,1,0,0,0,0,0,1,0.21900602380048056,NORMAL
blk_4934527196392001803,1,1,1,2,1,0,0,0,0,1,0.0,NORMAL
blk_4939101994162863442,1,1,1,0,0,0,1,0,0,1,0.12297016981752451,NORMAL
blk_49420377461855719,1,1,1,1,0,0,0,0,0,1,0.21900602380048056,NORMAL
blk_4959462704623252283,1,1,1,2,0,0,0,0,0,1,0.17105675448234425,NORMAL
blk_4963214289850966664,1,1,1,2,1,0,0,0,0,1,0.0,NORMAL
blk_496376132244907301,1,1,1,0,0,0,0,1,0,1,0.04491092989184653,NORMAL
blk_4967370797322420259,1,1,1,1,0,0,0,0,0,1,0.21900602380048056,NORMAL
blk_4967492069970766092,1,1,1,0,0,0,0,0,0,1,0.1844708938516601,NORMAL
blk_4984150784048864430,1,1,1,0,0,0,0,1,0,1,0.04491092989184653,NORMAL
blk_4984720043834039361,1,1,1,1,0,0,0,0,0,1,0.21900602380048056,NORMAL
blk_4989329877491629543,1,1,1,1,0,0,0,0,0,1,0.21900602380048056,NORMAL
blk_4992622607400168655,1,1,1,1,0,0,0,0,0,1,0.21900602380048056,NORMAL
blk_5017373558217225674,1,1,1,0,0,0,0,0,0,1,0.1844708938516601,NORMAL
blk_5018765878120211503,1,1,1,0,0,0,0,0,0,1,0.1844708938516601,NORMAL
blk_5018797996887008111,1,1,1,1,0,0,1,0,0,1,0.1150743353602891,NORMAL
blk_5062112794659861146,1,1,1,1,0,0,0,0,0,1,0.21900602380048056,NORMAL
blk_5075966182561035053,1,1,1,0,0,0,1,0,0,1,0.12297016981752451,NORMAL
blk_5095897972833086609,1,1,1,1,0,0,0,0,0,1,0.21900602380048056,NORMAL
blk_5100975846124291571,1,1,1,0,0,0,1,0,0,1,0.12297016981752451,NORMAL
blk_5106303344783117537,1,1,1,0,0,0,0,1,0,1,0.04491092989184653,NORMAL
blk_5114010683183383297,1,1,1,1,0,0,0,0,0,1,0.21900602380048056,NORMAL
blk_5114572025256210948,1,1,1,0,0,0,0,0,0,1,0.1844708938516601,NORMAL
blk_5115892145206906855,1,1,1,0,0,0,0,0,0,1,0.1844708938516601,NORMAL
blk_5118390778403008591,1,1,1,1,0,0,0,0,0,1,0.21900602380048056,NORMAL
blk_512039711533506696,1,1,1,1,0,0,0,0,0,1,0.21900602380048056,NORMAL
blk_5126469776250053435,1,1,1,2,1,0,0,0,0,1,0.0,NORMAL
blk_5163387277374142808,1,1,1,1,0,0,1,0,0,1,0.1150743353602891,NORMAL
blk_5165786360127153975,1,1,1,1,0,0,0,0,0,1,0.21900602380048056,NORMAL
blk_5174461779237739025,1,1,1,1,0,0,0,0,0,1,0.21900602380048056,NORMAL
blk_5176179471361959897,1,1,1,1,0,0,1,0,0,1,0.1150743353602891,NORMAL
blk_5176855630425795751,1,1,1,1,0,0,0,0,0,1,0.21900602380048056,NORMAL
blk_5178539130945718870,1,1,1,1,0,0,1,0,0,1,0.1150743353602891,NORMAL
blk_5183831565578080242,1,1,1,0,0,0,0,1,0,1,0.04491092989184653,NORMAL
blk_5203504995927133832,1,1,1,1,0,0,1,0,0,1,0.1150743353602891,NORMAL
blk_5209577451013188921,1,1,1,0,0,0,1,0,0,1,0.12297016981752451,NORMAL
blk_5210211633167259832,1,1,1,1,0,0,0,0,0,1,0.21900602380048056,NORMAL
blk_5216491057643255876,1,1,1,2,0,0,0,0,0,1,0.17105675448234425,NORMAL
blk_5225719677049010638,1,1,1,0,0,0,0,0,0,1,0.1844708938516601,NORMAL
blk_5240632065631390212,1,1,1,2,0,0,0,0,0,1,0.17105675448234425,NORMAL
blk_5250287988089075029,1,1,1,1,0,0,0,0,0,1,0.21900602380048056,NORMAL
blk_5256716488526744434,1,1,1,2,0,0,0,0,0,1,0.17105675448234425,NORMAL
blk_5262186175243998904,1,1,1,0,0,0,0,0,0,1,0.1844708938516601,NORMAL
blk_5272005015837990021,1,1,1,0,0,0,1,0,0,1,0.12297016981752451,NORMAL
blk_5272731391668336674,1,1,1,2,0,0,0,0,0,1,0.17105675448234425,NORMAL
blk_5272761429354463572,1,1,1,1,0,0,0,0,0,1,0.21900602380048056,NORMAL
blk_5277338321835341602,1,1,1,1,0,0,0,0,0,1,0.21900602380048056,NORMAL
blk_5335498635665743905,1,1,1,2,0,0,0,0,0,1,0.17105675448234425,NORMAL
blk_5348548743130215090,1,1,1,1,0,0,0,0,0,1,0.21900602380048056,NORMAL
blk_5379939266348893280,1,1,1,1,0,0,0,0,0,1,0.21900602380048056,NORMAL
blk_5385121219895615240,1,1,1,2,0,0,0,0,0,1,0.17105675448234425,NORMAL
blk_5390763359901143305,1,1,1,1,0,0,0,0,0,1,0.21900602380048056,NORMAL
blk_5402003568334525940,1,1,1,1,0,0,0,0,0,1,0.21900602380048056,NORMAL
blk_5406084276349645828,1,1,1,1,0,0,0,0,0,1,0.21900602380048056,NORMAL
blk_541463031152673662,1,1,1,1,0,0,0,0,0,1,0.21900602380048056,NORMAL
blk_5453150794205420798,1,1,1,0,0,0,1,0,0,1,0.12297016981752451,NORMAL
blk_5454332143498402824,1,1,1,2,0,0,0,0,0,1,0.17105675448234425,NORMAL
blk_5454423648092670683,1,1,1,0,0,0,0,0,0,1,0.1844708938516601,NORMAL
blk_5489815612272797790,1,1,1,1,0,0,0,0,0,1,0.21900602380048056,NORMAL
blk_5491101910066444061,1,1,1,1,0,0,0,0,0,1,0.21900602380048056,NORMAL
blk_5496448884081025648,1,1,1,1,0,0,1,0,0,1,0.1150743353602891,NORMAL
blk_549647953114643908,1,1,1,0,0,0,0,0,0,1,0.1844708938516601,NORMAL
blk_5505696082121135363,1,1,1,1,0,0,1,0,0,1,0.1150743353602891,NORMAL
blk_5525607749827896334,1,1,1,2,0,0,0,0,0,1,0.17105675448234425,NORMAL
blk_5528471097481810388,1,1,1,0,0,0,1,0,0,1,0.12297016981752451,NORMAL
blk_5547569777499890340,1,1,1,2,1,0,0,0,0,1,0.0,NORMAL
blk_5565611615515783341,1,1,1,2,0,0,0,0,0,1,0.17105675448234425,NORMAL
blk_5570475465835003801,1,1,1,1,0,0,0,0,0,1,0.21900602380048056,NORMAL
blk_5572208681898881669,1,1,1,1,0,0,1,0,0,1,0.1150743353602891,NORMAL
blk_5574898547439146021,1,1,1,1,0,0,0,0,0,1,0.21900602380048056,NORMAL
blk_557803157214911261,1,1,1,1,0,0,0,0,0,1,0.21900602380048056,NORMAL
blk_5580254744888391593,1,1,1,1,0,0,1,0,0,1,0.1150743353602891,NORMAL
blk_559204981722276126,1,1,1,0,0,0,0,1,0,1,0.04491092989184653,NORMAL
blk_5600017220681756254,1,1,1,1,0,0,0,0,0,1,0.21900602380048056,NORMAL
blk_560063894682806537,1,1,1,1,0,0,0,0,0,1,0.21900602380048056,NORMAL
blk_5602895463700536678,1,1,1,1,0,0,0,0,0,1,0.21900602380048056,NORMAL
blk_561417755647618727,1,1,1,0,0,0,1,0,0,1,0.12297016981752451,NORMAL
blk_5616920288053661280,1,1,1,1,0,0,1,0,0,1,0.1150743353602891,NORMAL
blk_5641239200978828454,1,1,1,2,0,0,0,0,0,1,0.17105675448234425,NORMAL
blk_5646792755154529338,1,1,1,1,0,0,0,0,0,1,0.21900602380048056,NORMAL
blk_5648034804629064273,1,1,1,1,0,0,0,0,0,1,0.21900602380048056,NORMAL
blk_5663417083925711869,1,1,1,0,0,0,0,0,0,1,0.1844708938516601,NORMAL
blk_566413670355737377,1,1,1,1,0,0,0,0,0,1,0.21900602380048056,NORMAL
blk_5668137923110942035,1,1,1,1,0,0,1,0,0,1,0.1150743353602891,NORMAL
blk_5689009809369418749,1,1,1,1,0,0,1,0,0,1,0.1150743353602891,NORMAL
blk_5689516499354445029,1,1,1,0,0,0,0,0,0,1,0.1844708938516601,NORMAL
blk_5701964561533648583,1,1,1,0,0,0,1,0,0,1,0.12297016981752451,NORMAL
blk_5702487846232575705,1,1,1,1,0,0,1,0,0,1,0.1150743353602891,NORMAL
blk_5708405953850477535,1,1,1,0,0,0,0,1,0,1,0.04491092989184653,NORMAL
blk_570916157110129687,1,1,1,1,0,0,1,0,0,1,0.1150743353602891,NORMAL
blk_572492839287299681,1,1,1,0,0,0,0,0,0,1,0.1844708938516601,NORMAL
blk_5729560286355779655,1,1,1,0,0,0,0,0,0,1,0.1844708938516601,NORMAL
blk_5733038550092620376,1,1,1,1,0,0,0,0,0,1,0.21900602380048056,NORMAL
blk_5736622945587812309,1,1,1,0,0,0,1,0,0,1,0.12297016981752451,NORMAL
blk_5739119717322549945,1,1,1,2,0,0,0,0,0,1,0.17105675448234425,NORMAL
blk_5760391051658436046,1,1,1,2,0,0,0,0,0,1,0.17105675448234425,NORMAL
blk_5771906433100975293,1,1,1,0,0,0,1,0,0,1,0.12297016981752451,NORMAL
blk_5781019224640206392,1,1,1,2,0,0,0,0,0,1,0.17105675448234425,NORMAL
blk_5781791720343455145,1,1,1,1,0,0,0,0,0,1,0.21900602380048056,NORMAL
blk_578261619176233743,1,1,1,1,0,0,0,0,0,1,0.21900602380048056,NORMAL
blk_5782729236964719738,1,1,1,0,0,0,0,1,0,1,0.04491092989184653,NORMAL
blk_5792489080791696128,1,1,1,2,0,0,0,0,0,1,0.17105675448234425,NORMAL
blk_5806397523737304814,1,1,1,0,0,0,1,0,0,1,0.12297016981752451,NORMAL
blk_5809900021002850724,1,1,1,1,0,0,0,0,0,1,0.21900602380048056,NORMAL
blk_5813361416484537967,1,1,1,1,0,0,0,0,0,1,0.21900602380048056,NORMAL
blk_5813923864071791162,1,1,1,1,0,0,0,0,0,1,0.21900602380048056,NORMAL
blk_5816171803790152026,1,1,1,2,0,0,0,0,0,1,0.17105675448234425,NORMAL
blk_5834218936335592624,1,1,1,1,0,0,0,0,0,1,0.21900602380048056,NORMAL
blk_5844313985011885282,1,1,1,0,0,0,0,1,0,1,0.04491092989184653,NORMAL
blk_5868517220927475394,1,1,1,1,0,0,1,0,0,1,0.1150743353602891,NORMAL
blk_5872617224009342667,1,1,1,0,0,0,0,1,0,1,0.04491092989184653,NORMAL
blk_5881782374981838094,1,1,1,2,0,0,0,0,0,1,0.17105675448234425,NORMAL
blk_5894088883762961800,1,1,1,0,0,0,0,1,0,1,0.04491092989184653,NORMAL
blk_5905689738251144455,1,1,1,0,0,0,1,0,0,1,0.12297016981752451,NORMAL
blk_5905933788014151041,1,1,1,2,1,0,0,0,0,1,0.0,NORMAL
blk_5912213716795619450,1,1,1,0,0,0,0,0,0,1,0.1844708938516601,NORMAL
blk_591323161994959677,1,1,1,2,0,0,0,0,0,1,0.17105675448234425,NORMAL
blk_5915244038969911075,1,1,1,1,0,0,0,0,0,1,0.21900602380048056,NORMAL
blk_5938666289587069744,1,1,1,1,0,0,0,0,0,1,0.21900602380048056,NORMAL
blk_5948455948626091880,1,1,1,0,0,0,1,0,0,1,0.12297016981752451,NORMAL
blk_5952254363678329024,1,1,1,2,0,0,0,0,0,1,0.17105675448234425,NORMAL
blk_5953577136151423920,1,1,1,1,0,0,0,0,0,1,0.21900602380048056,NORMAL
blk_5955377624764578810,1,1,1,1,0,0,0,0,0,1,0.21900602380048056,NORMAL
blk_5963655886023015963,1,1,1,1,0,0,0,0,0,1,0.21900602380048056,NORMAL
blk_5963816136267066159,1,1,1,0,0,0,0,0,0,1,0.1844708938516601,NORMAL
blk_5971534893446541111,1,1,1,1,0,0,0,0,0,1,0.21900602380048056,NORMAL
blk_5977008528949258706,1,1,1,2,0,0,0,0,0,1,0.17105675448234425,NORMAL
blk_5983149244832683042,1,1,1,2,0,0,0,0,0,1,0.17105675448234425,NORMAL
blk_5989505185938770383,1,1,1,2,0,0,0,0,0,1,0.17105675448234425,NORMAL
blk_6000837850922531821,1,1,1,1,0,0,0,0,0,1,0.21900602380048056,NORMAL
blk_6002109944224710483,1,1,1,1,0,0,0,0,0,1,0.21900602380048056,NORMAL
blk_6017354285686373326,1,1,1,0,0,0,0,0,0,1,0.1844708938516601,NORMAL
blk_6030936529326346827,1,1,1,0,0,0,0,0,0,1,0.1844708938516601,NORMAL
blk_6031076349976322578,1,1,1,1,0,0,1,0,0,1,0.1150743353602891,NORMAL
blk_6039898256291822367,1,1,1,1,0,0,0,0,0,1,0.21900602380048056,NORMAL
blk_6048652012880073760,1,1,1,0,0,0,0,0,0,1,0.1844708938516601,NORMAL
blk_6051144263842600010,1,1,1,0,0,0,1,0,0,1,0.12297016981752451,NORMAL
blk_6054235487623373096,1,1,1,0,0,0,0,1,0,1,0.04491092989184653,NORMAL
blk_6055109613223910610,1,1,1,0,0,0,0,0,0,1,0.1844708938516601,NORMAL
blk_6077744985764117617,1,1,1,0,0,0,1,0,0,1,0.12297016981752451,NORMAL
blk_6080034782037237879,1,1,1,1,0,0,0,0,0,1,0.21900602380048056,NORMAL
blk_6085274723649229095,1,1,1,2,0,0,0,0,0,1,0.17105675448234425,NORMAL
blk_6085442148007558065,1,1,1,0,0,0,1,0,0,1,0.12297016981752451,NORMAL
blk_608957629753483727,1,1,1,0,0,0,0,1,0,1,0.04491092989184653,NORMAL
blk_6093743385844975689,1,1,1,1,0,0,0,0,0,1,0.21900602380048056,NORMAL
blk_6093858391888371854,1,1,1,1,0,0,1,0,0,1,0.1150743353602891,NORMAL
blk_6095704128062577668,1,1,1,1,0,0,0,0,0,1,0.21900602380048056,NORMAL
blk_6105506155797750768,1,1,1,2,0,0,0,0,0,1,0.17105675448234425,NORMAL
blk_6106884317961925960,1,1,1,2,1,0,0,0,0,1,0.0,NORMAL
blk_6107935679779418195,1,1,1,2,0,0,0,0,0,1,0.17105675448234425,NORMAL
blk_6108023147232847992,1,1,1,2,0,0,0,0,0,1,0.17105675448234425,NORMAL
blk_6123232805286187512,1,1,1,0,0,0,0,0,0,1,0.1844708938516601,NORMAL
blk_6125469222540396851,1,1,1,1,0,0,0,0,0,1,0.21900602380048056,NORMAL
blk_6137960563260046065,1,1,1,0,0,0,0,0,0,1,0.1844708938516601,NORMAL
blk_6138894560185644209,1,1,1,0,0,0,1,0,0,1,0.12297016981752451,NORMAL
blk_6140788650991100539,1,1,1,0,0,0,0,1,0,1,0.04491092989184653,NORMAL
blk_6147898566868510104,1,1,1,0,0,0,1,0,0,1,0.12297016981752451,NORMAL
blk_6148201552996212693,1,1,1,0,0,0,1,0,0,1,0.12297016981752451,NORMAL
blk_6163400028286940197,1,1,1,0,0,0,1,0,0,1,0.12297016981752451,NORMAL
blk_6170586659371027531,1,1,1,1,0,0,0,0,0,1,0.21900602380048056,NORMAL
blk_6178964531181542074,1,1,1,0,0,0,0,1,0,1,0.04491092989184653,NORMAL
blk_6204056282927975796,1,1,1,0,0,0,0,0,0,1,0.1844708938516601,NORMAL
blk_621685330749869453,1,1,1,1,0,0,0,0,0,1,0.21900602380048056,NORMAL
blk_6223504502438507199,1,1,1,0,0,0,1,0,0,1,0.12297016981752451,NORMAL
blk_6238543795209416553,1,1,1,1,0,0,0,0,0,1,0.21900602380048056,NORMAL
blk_6241141267506413726,1,1,1,2,1,0,0,0,0,1,0.0,NORMAL
blk_6245594177708848366,1,1,1,2,0,0,0,0,0,1,0.17105675448234425,NORMAL
blk_6285161494041403917,1,1,1,1,0,0,0,0,0,1,0.21900602380048056,NORMAL
blk_6296828743242110158,1,1,1,2,0,0,0,0,0,1,0.17105675448234425,NORMAL
blk_6308888821787547357,1,1,1,1,0,0,0,0,0,1,0.21900602380048056,NORMAL
blk_6323743466920239525,1,1,1,1,0,0,0,0,0,1,0.21900602380048056,NORMAL
blk_6324712740029479576,1,1,1,1,0,0,1,0,0,1,0.1150743353602891,NORMAL
blk_6329639726609402522,1,1,1,1,0,0,0,0,0,1,0.21900602380048056,NORMAL
blk_6332892729727950039,1,1,1,2,1,0,0,0,0,1,0.0,NORMAL
blk_6338761369201338121,1,1,1,2,0,0,0,0,0,1,0.17105675448234425,NORMAL
blk_6373260430960091026,1,1,1,0,0,0,1,0,0,1,0.12297016981752451,NORMAL
blk_6374836031306809839,1,1,1,0,0,0,0,1,0,1,0.04491092989184653,NORMAL
blk_6392434729242722288,1,1,1,1,0,0,1,0,0,1,0.1150743353602891,NORMAL
blk_6398122733993275620,1,1,1,2,0,0,0,0,0,1,0.17105675448234425,NORMAL
blk_6400082566804273401,2,2,2,2,0,0,0,1,41,-1,-0.0620374045712061,ANOMALY
blk_6406847509870023726,1,1,1,1,0,0,0,0,0,1,0.21900602380048056,NORMAL
blk_6413710007211667486,1,1,1,1,0,0,1,0,0,1,0.1150743353602891,NORMAL
blk_6413965758113058023,1,1,1,2,0,0,0,0,0,1,0.17105675448234425,NORMAL
blk_641646158310569454,1,1,1,0,0,0,0,1,0,1,0.04491092989184653,NORMAL
blk_6417614801998326532,1,1,1,2,0,0,0,0,0,1,0.17105675448234425,NORMAL
blk_6445339027653789144,1,1,1,0,0,0,1,0,0,1,0.12297016981752451,NORMAL
blk_6446927133528675675,1,1,1,1,0,0,0,0,0,1,0.21900602380048056,NORMAL
blk_6451403582950672007,1,1,1,1,0,0,0,0,0,1,0.21900602380048056,NORMAL
blk_6465095458973828118,1,1,1,0,0,0,0,0,0,1,0.1844708938516601,NORMAL
blk_6489659315944341351,1,1,1,1,0,0,1,0,0,1,0.1150743353602891,NORMAL
blk_6490003020931145707,1,1,1,1,0,0,0,0,0,1,0.21900602380048056,NORMAL
blk_6491424745418112176,1,1,1,2,0,0,0,0,0,1,0.17105675448234425,NORMAL
blk_6491888411266994867,1,1,1,0,0,0,1,0,0,1,0.12297016981752451,NORMAL
blk_6497260538939100482,1,1,1,0,0,0,1,0,0,1,0.12297016981752451,NORMAL
blk_6499414220139660338,1,1,1,0,0,0,1,0,0,1,0.12297016981752451,NORMAL
blk_6514181997629420906,1,1,1,0,0,0,0,0,0,1,0.1844708938516601,NORMAL
blk_6516880861186877710,1,1,1,1,0,0,0,0,0,1,0.21900602380048056,NORMAL
blk_6534693994677948144,1,1,1,1,0,0,0,0,0,1,0.21900602380048056,NORMAL
blk_6542592144596063478,1,1,1,0,0,0,1,0,0,1,0.12297016981752451,NORMAL
blk_6547729596040509998,1,1,1,1,0,0,0,0,0,1,0.21900602380048056,NORMAL
blk_6552418180158772377,1,1,1,2,0,0,0,0,0,1,0.17105675448234425,NORMAL
blk_6556854018013706836,1,1,1,2,0,0,0,0,0,1,0.17105675448234425,NORMAL
blk_6563909003697001371,1,1,1,2,0,0,0,0,0,1,0.17105675448234425,NORMAL
blk_6585429064641693815,1,1,1,2,0,0,0,0,0,1,0.17105675448234425,NORMAL
blk_6601059760261449131,1,1,1,0,0,0,0,1,0,1,0.04491092989184653,NORMAL
blk_6610244864386894422,1,1,1,0,0,0,0,0,0,1,0.1844708938516601,NORMAL
blk_6628512193350164674,1,1,1,2,0,0,0,0,0,1,0.17105675448234425,NORMAL
blk_6640583412927022083,1,1,1,1,0,0,0,0,0,1,0.21900602380048056,NORMAL
blk_6655622109568310643,1,1,1,2,0,0,0,0,0,1,0.17105675448234425,NORMAL
blk_666713934549639791,1,1,1,2,0,0,0,0,0,1,0.17105675448234425,NORMAL
blk_6672666770563118759,1,1,1,2,0,0,0,0,0,1,0.17105675448234425,NORMAL
blk_6675543598756975559,1,1,1,1,0,0,0,0,0,1,0.21900602380048056,NORMAL
blk_6675564098604634452,1,1,1,0,0,0,1,0,0,1,0.12297016981752451,NORMAL
blk_668295516093167045,1,1,1,2,0,0,0,0,0,1,0.17105675448234425,NORMAL
blk_6685663454079607598,1,1,1,1,0,0,0,0,0,1,0.21900602380048056,NORMAL
blk_6686361711974377273,1,1,1,1,0,0,0,0,0,1,0.21900602380048056,NORMAL
blk_6690143611140381289,1,1,1,0,0,0,0,1,0,1,0.04491092989184653,NORMAL
blk_6695517786834913217,1,1,1,0,0,0,1,0,0,1,0.12297016981752451,NORMAL
blk_6698851413708497072,1,1,1,1,0,0,0,0,0,1,0.21900602380048056,NORMAL
blk_6702054389824523327,1,1,1,2,1,0,0,0,0,1,0.0,NORMAL
blk_6730979070070986233,1,1,1,1,0,0,0,0,0,1,0.21900602380048056,NORMAL
blk_673825774073966710,1,1,1,1,0,0,0,0,0,1,0.21900602380048056,NORMAL
blk_6745520736924802462,1,1,1,0,0,0,0,0,0,1,0.1844708938516601,NORMAL
blk_6746178639682808096,1,1,1,1,0,0,0,0,0,1,0.21900602380048056,NORMAL
blk_6748710057489679257,1,1,1,1,0,0,0,0,0,1,0.21900602380048056,NORMAL
blk_6749232449432458524,1,1,1,0,0,0,0,1,0,1,0.04491092989184653,NORMAL
blk_6763863888784019261,1,1,1,1,0,0,1,0,0,1,0.1150743353602891,NORMAL
blk_6791628131402590260,1,1,1,0,0,0,0,0,0,1,0.1844708938516601,NORMAL
blk_679168189072909208,1,1,1,0,0,0,0,0,0,1,0.1844708938516601,NORMAL
blk_6799391641508508235,1,1,1,1,0,0,0,0,0,1,0.21900602380048056,NORMAL
blk_6807535563873595117,1,1,1,2,0,0,0,0,0,1,0.17105675448234425,NORMAL
blk_6809155287484296510,1,1,1,0,0,0,0,0,0,1,0.1844708938516601,NORMAL
blk_6818232325322327288,1,1,1,0,0,0,0,0,0,1,0.1844708938516601,NORMAL
blk_6828121630547887549,1,1,1,1,0,0,0,0,0,1,0.21900602380048056,NORMAL
blk_6828263829429857572,1,1,1,0,0,0,1,0,0,1,0.12297016981752451,NORMAL
blk_6855535886504612774,1,1,1,1,0,0,1,0,0,1,0.1150743353602891,NORMAL
blk_6868050965297613251,1,1,1,2,0,0,0,0,0,1,0.17105675448234425,NORMAL
blk_6880728743505526406,1,1,1,1,0,0,0,0,0,1,0.21900602380048056,NORMAL
blk_6881216037013929188,1,1,1,1,0,0,1,0,0,1,0.1150743353602891,NORMAL
blk_6888300867578983331,1,1,1,0,0,0,1,0,0,1,0.12297016981752451,NORMAL
blk_6894918622505820383,1,1,1,1,0,0,0,0,0,1,0.21900602380048056,NORMAL
blk_691517018986659607,1,1,1,2,0,0,0,0,0,1,0.17105675448234425,NORMAL
blk_6918427074195439966,1,1,1,0,0,0,0,0,0,1,0.1844708938516601,NORMAL
blk_6921674711959888070,1,1,1,1,0,0,0,0,0,1,0.21900602380048056,NORMAL
blk_692184983396207285,1,1,1,1,0,0,0,0,0,1,0.21900602380048056,NORMAL
blk_6928449948805597176,1,1,1,1,0,0,0,0,0,1,0.21900602380048056,NORMAL
blk_6943254721518837570,1,1,1,0,0,0,1,0,0,1,0.12297016981752451,NORMAL
blk_6973321719929905054,1,1,1,0,0,0,1,0,0,1,0.12297016981752451,NORMAL
blk_6975937964598933356,1,1,1,0,0,0,0,0,0,1,0.1844708938516601,NORMAL
blk_6988110707613820142,1,1,1,2,0,0,0,0,0,1,0.17105675448234425,NORMAL
blk_6996194389878584395,1,1,1,0,0,1,0,0,0,-1,-0.09982907586517553,ANOMALY
blk_699651392443620263,1,1,1,2,0,0,0,0,0,1,0.17105675448234425,NORMAL
blk_7016884347337429710,1,1,1,1,0,0,0,0,0,1,0.21900602380048056,NORMAL
blk_7017399031777870797,1,1,1,1,0,0,1,0,0,1,0.1150743353602891,NORMAL
blk_703046261120042821,1,1,1,0,0,0,0,0,0,1,0.1844708938516601,NORMAL
blk_703049809255765647,1,1,1,0,0,0,0,0,0,1,0.1844708938516601,NORMAL
blk_703387617548630438,1,1,1,0,0,0,0,0,0,1,0.1844708938516601,NORMAL
blk_7045475543362904558,1,1,1,1,0,0,1,0,0,1,0.1150743353602891,NORMAL
blk_7048740572660501729,1,1,1,1,0,0,1,0,0,1,0.1150743353602891,NORMAL
blk_7061131805920430446,1,1,1,2,0,0,0,0,0,1,0.17105675448234425,NORMAL
blk_706826531153199550,1,1,1,2,0,0,0,0,0,1,0.17105675448234425,NORMAL
blk_707166530951154301,2,2,2,1,0,0,0,0,0,1,0.07601282100117834,NORMAL
blk_7078766226078740026,1,1,1,0,0,0,0,0,0,1,0.1844708938516601,NORMAL
blk_708101772844351082,1,1,1,0,0,0,0,0,0,1,0.1844708938516601,NORMAL
blk_7090935285617451450,1,1,1,0,0,0,1,0,0,1,0.12297016981752451,NORMAL
blk_7094265091490664593,1,1,1,1,0,0,1,0,0,1,0.1150743353602891,NORMAL
blk_70980361971054326,1,1,1,0,0,0,1,0,0,1,0.12297016981752451,NORMAL
blk_7108974241330205218,1,1,1,0,0,0,1,0,0,1,0.12297016981752451,NORMAL
blk_712730845180531820,1,1,1,0,0,0,0,0,0,1,0.1844708938516601,NORMAL
blk_7128370237687728475,1,1,1,1,0,0,0,0,0,1,0.21900602380048056,NORMAL
blk_7154985168984871115,1,1,1,2,1,0,0,0,0,1,0.0,NORMAL
blk_7177118590277025973,1,1,1,1,0,0,1,0,0,1,0.1150743353602891,NORMAL
blk_7190156588310412626,1,1,1,0,0,0,1,0,0,1,0.12297016981752451,NORMAL
blk_7193551490488433552,1,1,1,2,0,0,0,0,0,1,0.17105675448234425,NORMAL
blk_7194943883245628915,1,1,1,1,0,0,0,0,0,1,0.21900602380048056,NORMAL
blk_7197514030988119866,1,1,1,1,0,0,1,0,0,1,0.1150743353602891,NORMAL
blk_7206839389762980382,1,1,1,0,0,0,1,0,0,1,0.12297016981752451,NORMAL
blk_7213990003235926706,1,1,1,1,0,0,0,0,0,1,0.21900602380048056,NORMAL
blk_7224257732880626802,1,1,1,1,0,0,0,0,0,1,0.21900602380048056,NORMAL
blk_7227035060836018780,1,1,1,1,0,0,0,0,0,1,0.21900602380048056,NORMAL
blk_7229716389774599497,1,1,1,2,0,0,0,0,0,1,0.17105675448234425,NORMAL
blk_727000711161641724,1,1,1,0,0,0,0,0,0,1,0.1844708938516601,NORMAL
blk_7275457888263057111,1,1,1,1,0,0,0,0,0,1,0.21900602380048056,NORMAL
blk_728165942214842306,1,1,1,2,0,0,0,0,0,1,0.17105675448234425,NORMAL
blk_7294821275446427348,1,1,1,1,0,0,0,0,0,1,0.21900602380048056,NORMAL
blk_7297060562345904886,1,1,1,2,0,0,0,0,0,1,0.17105675448234425,NORMAL
blk_7323287581932922676,1,1,1,0,0,0,1,0,0,1,0.12297016981752451,NORMAL
blk_7324196727355442810,1,1,1,1,0,0,1,0,0,1,0.1150743353602891,NORMAL
blk_7330803663603700184,1,1,1,1,0,0,0,0,0,1,0.21900602380048056,NORMAL
blk_7336636250384047238,1,1,1,1,0,0,1,0,0,1,0.1150743353602891,NORMAL
blk_73389299186801686,1,1,1,2,1,0,0,0,0,1,0.0,NORMAL
blk_7345322407792942877,1,1,1,0,0,0,0,0,0,1,0.1844708938516601,NORMAL
blk_7347539858784653625,1,1,1,2,0,0,0,0,0,1,0.17105675448234425,NORMAL
blk_7360639743953947587,1,1,1,0,0,0,1,0,0,1,0.12297016981752451,NORMAL
blk_7400944190976416273,1,1,1,1,0,0,1,0,0,1,0.1150743353602891,NORMAL
blk_7412933088374169877,1,1,1,0,0,0,0,0,0,1,0.1844708938516601,NORMAL
blk_7413830214932763926,1,1,1,1,0,0,0,0,0,1,0.21900602380048056,NORMAL
blk_7415823309220171667,1,1,1,1,0,0,0,0,0,1,0.21900602380048056,NORMAL
blk_7430820184211246929,1,1,1,1,0,0,0,0,0,1,0.21900602380048056,NORMAL
blk_7434237665308221519,1,1,1,1,0,0,0,0,0,1,0.21900602380048056,NORMAL
blk_7439201509602018752,1,1,1,1,0,0,0,0,0,1,0.21900602380048056,NORMAL
blk_7453815855294711849,1,1,1,1,0,0,0,0,0,1,0.21900602380048056,NORMAL
blk_7463248820468902190,1,1,1,1,0,0,0,0,0,1,0.21900602380048056,NORMAL
blk_7473411975130090672,1,1,1,1,0,0,1,0,0,1,0.1150743353602891,NORMAL
blk_7474737521119026445,1,1,1,1,0,0,0,0,0,1,0.21900602380048056,NORMAL
blk_7481361125021302112,1,1,1,1,0,0,0,0,0,1,0.21900602380048056,NORMAL
blk_7484759945731484842,1,1,1,1,0,0,0,0,0,1,0.21900602380048056,NORMAL
blk_7489155602821840025,1,1,1,2,1,0,0,0,0,1,0.0,NORMAL
blk_7500282100357271699,1,1,1,0,0,0,0,0,0,1,0.1844708938516601,NORMAL
blk_7501235595045510958,1,1,1,1,0,0,0,0,0,1,0.21900602380048056,NORMAL
blk_7505828172725463922,1,1,1,2,1,0,0,0,0,1,0.0,NORMAL
blk_7513976340045981966,1,1,1,2,0,0,0,0,0,1,0.17105675448234425,NORMAL
blk_7517964792804498202,1,1,1,2,1,0,0,0,0,1,0.0,NORMAL
blk_7519257846502835091,1,1,1,0,0,0,1,0,0,1,0.12297016981752451,NORMAL
blk_752365829198406123,1,1,1,1,0,0,0,0,0,1,0.21900602380048056,NORMAL
blk_7533949673910842243,1,1,1,0,0,0,0,0,0,1,0.1844708938516601,NORMAL
blk_7534378757788640871,1,1,1,1,0,0,0,0,0,1,0.21900602380048056,NORMAL
blk_753559000954836892,1,1,1,1,0,0,1,0,0,1,0.1150743353602891,NORMAL
blk_7535677865140289610,1,1,1,2,0,0,0,0,0,1,0.17105675448234425,NORMAL
blk_7541621664406141215,1,1,1,1,0,0,1,0,0,1,0.1150743353602891,NORMAL
blk_7550266985912909372,1,1,1,0,0,0,0,1,0,1,0.04491092989184653,NORMAL
blk_755689327380778318,1,1,1,0,0,0,0,0,0,1,0.1844708938516601,NORMAL
blk_7572868180557515526,1,1,1,2,0,0,0,0,0,1,0.17105675448234425,NORMAL
blk_7577595658377008671,1,1,1,1,0,0,0,0,0,1,0.21900602380048056,NORMAL
blk_7580930377559819562,1,1,1,2,0,0,0,0,0,1,0.17105675448234425,NORMAL
blk_7583807825342916938,1,1,1,0,0,0,1,0,0,1,0.12297016981752451,NORMAL
blk_7589872946955471867,1,1,1,1,0,0,0,0,0,1,0.21900602380048056,NORMAL
blk_7603278760520020831,1,1,1,0,0,0,1,0,0,1,0.12297016981752451,NORMAL
blk_7606019272539977822,1,1,1,1,0,0,1,0,0,1,0.1150743353602891,NORMAL
blk_7625391056418655045,1,1,1,0,0,0,0,0,0,1,0.1844708938516601,NORMAL
blk_7627900514276120558,1,1,1,0,0,0,0,0,0,1,0.1844708938516601,NORMAL
blk_7654726977769174867,1,1,1,2,0,0,0,0,0,1,0.17105675448234425,NORMAL
blk_7661189768086976193,1,1,1,2,0,0,0,0,0,1,0.17105675448234425,NORMAL
blk_7672124247291403094,1,1,1,2,0,0,0,0,0,1,0.17105675448234425,NORMAL
blk_7679838117000095334,1,1,1,1,0,0,0,0,0,1,0.21900602380048056,NORMAL
blk_7703498406755483188,1,1,1,2,0,0,0,0,0,1,0.17105675448234425,NORMAL
blk_7705518309270121951,1,1,1,1,0,0,0,0,0,1,0.21900602380048056,NORMAL
blk_7713504868233504097,1,1,1,2,0,0,0,0,0,1,0.17105675448234425,NORMAL
blk_7720864196601815614,1,1,1,0,0,0,0,1,0,1,0.04491092989184653,NORMAL
blk_7721951162137927252,1,1,1,0,0,0,1,0,0,1,0.12297016981752451,NORMAL
blk_7733243482102436613,1,1,1,2,0,0,0,0,0,1,0.17105675448234425,NORMAL
blk_773599351835388127,1,1,1,0,0,0,1,0,0,1,0.12297016981752451,NORMAL
blk_7736147489540456118,1,1,1,1,0,0,0,0,0,1,0.21900602380048056,NORMAL
blk_774612454978154966,1,1,1,0,0,1,0,0,0,-1,-0.09982907586517553,ANOMALY
blk_7754477838724397551,1,1,1,0,0,0,1,0,0,1,0.12297016981752451,NORMAL
blk_7760079751081658559,1,1,1,2,1,0,0,0,0,1,0.0,NORMAL
blk_7780461223860192433,1,1,1,2,0,0,0,0,0,1,0.17105675448234425,NORMAL
blk_7791237942696729620,1,1,1,0,0,0,0,0,0,1,0.1844708938516601,NORMAL
blk_7819984111120374407,1,1,1,1,0,0,1,0,0,1,0.1150743353602891,NORMAL
blk_7830067201550857864,1,1,1,1,0,0,0,0,0,1,0.21900602380048056,NORMAL
blk_7837529475466774167,1,1,1,0,0,0,0,0,0,1,0.1844708938516601,NORMAL
blk_7838843222458775811,1,1,1,1,0,0,0,0,0,1,0.21900602380048056,NORMAL
blk_7841365850685201915,1,1,1,1,0,0,1,0,0,1,0.1150743353602891,NORMAL
blk_7851643274522055587,1,1,1,1,0,0,0,0,0,1,0.21900602380048056,NORMAL
blk_7855353385462032387,1,1,1,0,0,0,1,0,0,1,0.12297016981752451,NORMAL
blk_7864850143895703065,1,1,1,1,0,0,0,0,0,1,0.21900602380048056,NORMAL
blk_7872746846750105239,1,1,1,1,0,0,0,0,0,1,0.21900602380048056,NORMAL
blk_7888946331804732825,1,1,1,1,0,0,0,0,0,1,0.21900602380048056,NORMAL
blk_7891129742741763034,1,1,1,2,0,0,0,0,0,1,0.17105675448234425,NORMAL
blk_7901008236334420364,1,1,1,0,0,0,0,0,0,1,0.1844708938516601,NORMAL
blk_7908524857056299716,1,1,1,0,0,0,0,1,0,1,0.04491092989184653,NORMAL
blk_7922331746517419368,1,1,1,1,0,0,0,0,0,1,0.21900602380048056,NORMAL
blk_7924393760966842810,1,1,1,2,0,0,0,0,0,1,0.17105675448234425,NORMAL
blk_7929144620252342335,1,1,1,1,0,0,0,0,0,1,0.21900602380048056,NORMAL
blk_7932704730736035192,1,1,1,1,0,0,1,0,0,1,0.1150743353602891,NORMAL
blk_7940316270494947483,1,1,1,2,1,0,0,0,0,1,0.0,NORMAL
blk_7942183449206967755,1,1,1,0,0,0,1,0,0,1,0.12297016981752451,NORMAL
blk_797263375273454863,1,1,1,0,0,0,1,0,0,1,0.12297016981752451,NORMAL
blk_7985460426680885040,1,1,1,0,0,0,1,0,0,1,0.12297016981752451,NORMAL
blk_798664047382151445,1,1,1,2,0,0,0,0,0,1,0.17105675448234425,NORMAL
blk_7996616083434301906,1,1,1,2,0,0,0,0,0,1,0.17105675448234425,NORMAL
blk_8005746184358076390,1,1,1,1,0,0,0,0,0,1,0.21900602380048056,NORMAL
blk_8007544297333060851,1,1,1,2,0,0,0,0,0,1,0.17105675448234425,NORMAL
blk_8015913224713045110,1,1,1,1,0,0,0,0,0,1,0.21900602380048056,NORMAL
blk_8048594464172649365,1,1,1,1,0,0,1,0,0,1,0.1150743353602891,NORMAL
blk_8049943837789435742,1,1,1,0,0,0,0,0,0,1,0.1844708938516601,NORMAL
blk_805187982300776163,1,1,1,1,0,0,1,0,0,1,0.1150743353602891,NORMAL
blk_805587860540600864,1,1,1,2,0,0,0,0,0,1,0.17105675448234425,NORMAL
blk_8059204889272489644,1,1,1,2,1,0,0,0,0,1,0.0,NORMAL
blk_8060713381303305129,1,1,1,0,0,0,0,0,0,1,0.1844708938516601,NORMAL
blk_8063831442998721547,1,1,1,1,0,0,0,0,0,1,0.21900602380048056,NORMAL
blk_8083872765147994327,1,1,1,2,0,0,0,0,0,1,0.17105675448234425,NORMAL
blk_8087142318511408355,1,1,1,2,0,0,0,0,0,1,0.17105675448234425,NORMAL
blk_8097409435735325492,1,1,1,1,0,0,0,0,0,1,0.21900602380048056,NORMAL
blk_8102707766842966459,1,1,1,0,0,0,1,0,0,1,0.12297016981752451,NORMAL
blk_8116683912654412228,1,1,1,2,0,0,0,0,0,1,0.17105675448234425,NORMAL
blk_8145984793403459836,1,1,1,0,0,0,1,0,0,1,0.12297016981752451,NORMAL
blk_8155177385081669900,1,1,1,1,0,0,1,0,0,1,0.1150743353602891,NORMAL
blk_815809455641029563,1,1,1,1,0,0,1,0,0,1,0.1150743353602891,NORMAL
blk_8181993091797661153,1,1,1,1,0,0,0,0,0,1,0.21900602380048056,NORMAL
blk_8188837227311063557,1,1,1,1,0,0,0,0,0,1,0.21900602380048056,NORMAL
blk_8189008752707332487,1,1,1,0,0,0,1,0,0,1,0.12297016981752451,NORMAL
blk_8196657927516481490,1,1,1,0,0,0,0,1,0,1,0.04491092989184653,NORMAL
blk_8201813022998766557,1,1,1,2,0,0,0,0,0,1,0.17105675448234425,NORMAL
blk_8215843708467112607,1,1,1,0,0,0,0,1,0,1,0.04491092989184653,NORMAL
blk_8222237992861447018,1,1,1,2,0,0,0,0,0,1,0.17105675448234425,NORMAL
blk_8229193803249955061,1,1,1,0,0,0,0,0,0,1,0.1844708938516601,NORMAL
blk_8229768485681546149,1,1,1,0,0,0,0,0,0,1,0.1844708938516601,NORMAL
blk_8235751201501175836,1,1,1,2,0,0,0,0,0,1,0.17105675448234425,NORMAL
blk_8247499802516177421,1,1,1,1,0,0,1,0,0,1,0.1150743353602891,NORMAL
blk_8249475180346179102,1,1,1,1,0,0,0,0,0,1,0.21900602380048056,NORMAL
blk_8254500345987409515,1,1,1,0,0,0,0,0,0,1,0.1844708938516601,NORMAL
blk_826351419727053015,1,1,1,0,0,0,1,0,0,1,0.12297016981752451,NORMAL
blk_8285441926344578159,1,1,1,0,0,0,0,0,0,1,0.1844708938516601,NORMAL
blk_8291449241650212794,1,1,1,1,0,0,0,0,0,1,0.21900602380048056,NORMAL
blk_8291708741145026623,1,1,1,0,0,0,1,0,0,1,0.12297016981752451,NORMAL
blk_8302956190102508375,1,1,1,1,0,0,0,0,0,1,0.21900602380048056,NORMAL
blk_8303284829424905326,1,1,1,2,0,0,0,0,0,1,0.17105675448234425,NORMAL
blk_8303413189200230139,1,1,1,0,0,0,1,0,0,1,0.12297016981752451,NORMAL
blk_830855781964014378,1,1,1,0,0,0,1,0,0,1,0.12297016981752451,NORMAL
blk_8320088109701056055,1,1,1,0,0,0,0,0,0,1,0.1844708938516601,NORMAL
blk_8323519561483823145,1,1,1,1,0,0,0,0,0,1,0.21900602380048056,NORMAL
blk_8348114876238571434,1,1,1,0,0,0,0,0,0,1,0.1844708938516601,NORMAL
blk_8350646254685996250,1,1,1,1,0,0,1,0,0,1,0.1150743353602891,NORMAL
blk_8376667364205250596,1,1,1,2,1,0,0,0,0,1,0.0,NORMAL
blk_8384329882986724706,1,1,1,1,0,0,1,0,0,1,0.1150743353602891,NORMAL
blk_8384967715738359346,1,1,1,0,0,0,1,0,0,1,0.12297016981752451,NORMAL
blk_8404604116961181201,1,1,1,1,0,0,1,0,0,1,0.1150743353602891,NORMAL
blk_8408125361497769001,1,1,1,1,0,0,0,0,0,1,0.21900602380048056,NORMAL
blk_8418106412701718933,1,1,1,0,0,0,0,0,0,1,0.1844708938516601,NORMAL
blk_8422946850755720617,1,1,1,0,0,0,0,0,0,1,0.1844708938516601,NORMAL
blk_8436095180790908547,1,1,1,0,0,0,1,0,0,1,0.12297016981752451,NORMAL
blk_8442157310069672329,1,1,1,1,0,0,1,0,0,1,0.1150743353602891,NORMAL
blk_8452214765874767801,1,1,1,2,0,0,0,0,0,1,0.17105675448234425,NORMAL
blk_8457344665564381337,1,1,1,2,0,0,0,0,0,1,0.17105675448234425,NORMAL
blk_8459274965060101250,1,1,1,0,0,0,0,0,0,1,0.1844708938516601,NORMAL
blk_8466246428293623262,1,1,1,2,1,0,0,0,0,1,0.0,NORMAL
blk_8473858691873523269,1,1,1,2,0,0,0,0,0,1,0.17105675448234425,NORMAL
blk_8474920544984206742,1,1,1,1,0,0,0,0,0,1,0.21900602380048056,NORMAL
blk_8478683141242372735,1,1,1,2,1,0,0,0,0,1,0.0,NORMAL
blk_8482111101480751895,1,1,1,2,0,0,0,0,0,1,0.17105675448234425,NORMAL
blk_8483848473254499625,1,1,1,0,0,0,1,0,0,1,0.12297016981752451,NORMAL
blk_8487226415276391460,1,1,1,0,0,0,0,0,0,1,0.1844708938516601,NORMAL
blk_8492196963764530259,1,1,1,0,0,0,1,0,0,1,0.12297016981752451,NORMAL
blk_8493856762887493521,1,1,1,1,0,0,1,0,0,1,0.1150743353602891,NORMAL
blk_8512974147315737844,1,1,1,1,0,0,0,0,0,1,0.21900602380048056,NORMAL
blk_8521306385156958668,1,1,1,1,0,0,0,0,0,1,0.21900602380048056,NORMAL
blk_8527475857502481768,1,1,1,1,0,0,0,0,0,1,0.21900602380048056,NORMAL
blk_8527562124953828227,1,1,1,1,0,0,0,0,0,1,0.21900602380048056,NORMAL
blk_8550326614414622861,1,1,1,0,0,0,0,0,0,1,0.1844708938516601,NORMAL
blk_8556592730481313831,1,1,1,0,0,0,1,0,0,1,0.12297016981752451,NORMAL
blk_8561332122820208519,1,1,1,0,0,0,0,1,0,1,0.04491092989184653,NORMAL
blk_8574493302165689212,1,1,1,2,0,0,0,0,0,1,0.17105675448234425,NORMAL
blk_8591104451552720112,1,1,1,2,0,0,0,0,0,1,0.17105675448234425,NORMAL
blk_8596624696139957935,2,2,2,2,0,0,0,1,0,-1,-0.05128994468211279,ANOMALY
blk_859668537217019080,1,1,1,0,0,0,0,0,0,1,0.1844708938516601,NORMAL
blk_8598135237831029828,1,1,1,0,0,0,1,0,0,1,0.12297016981752451,NORMAL
blk_8602496359012842630,1,1,1,1,0,0,1,0,0,1,0.1150743353602891,NORMAL
blk_8615522912610884162,1,1,1,0,0,0,1,0,0,1,0.12297016981752451,NORMAL
blk_865453227320668516,1,1,1,1,0,0,1,0,0,1,0.1150743353602891,NORMAL
blk_8655748951361667770,1,1,1,1,0,0,0,0,0,1,0.21900602380048056,NORMAL
blk_8663640697928077697,1,1,1,1,0,0,0,0,0,1,0.21900602380048056,NORMAL
blk_8692428775973608797,1,1,1,2,0,0,0,0,0,1,0.17105675448234425,NORMAL
blk_8693774866554287286,1,1,1,0,0,0,1,0,0,1,0.12297016981752451,NORMAL
blk_8699194381234371727,1,1,1,1,0,0,0,0,0,1,0.21900602380048056,NORMAL
blk_8699831307500970779,1,1,1,0,0,0,1,0,0,1,0.12297016981752451,NORMAL
blk_8708862520108736953,1,1,1,0,0,0,0,1,0,1,0.04491092989184653,NORMAL
blk_8711213005689112399,1,1,1,2,0,0,0,0,0,1,0.17105675448234425,NORMAL
blk_8716294289715825928,1,1,1,0,0,0,0,1,0,1,0.04491092989184653,NORMAL
blk_871974742726663441,1,1,1,0,0,0,0,0,0,1,0.1844708938516601,NORMAL
blk_8751697793900992450,1,1,1,1,0,0,0,0,0,1,0.21900602380048056,NORMAL
blk_8752665860595246441,1,1,1,2,0,0,0,0,0,1,0.17105675448234425,NORMAL
blk_8761138012128091849,1,1,1,0,0,0,1,0,0,1,0.12297016981752451,NORMAL
blk_8761786041973172187,1,1,1,1,0,0,0,0,0,1,0.21900602380048056,NORMAL
blk_8763662564934652249,1,1,1,1,0,0,0,0,0,1,0.21900602380048056,NORMAL
blk_8772892713521115147,1,1,1,1,0,0,0,0,0,1,0.21900602380048056,NORMAL
blk_8787656642683881295,1,1,1,2,0,0,0,0,0,1,0.17105675448234425,NORMAL
blk_8829027411458566099,1,1,1,1,0,0,0,0,0,1,0.21900602380048056,NORMAL
blk_8842097432176169457,1,1,1,0,0,0,0,0,0,1,0.1844708938516601,NORMAL
blk_8850044049297409379,1,1,1,1,0,0,0,0,0,1,0.21900602380048056,NORMAL
blk_8854625173826438305,1,1,1,0,0,0,0,0,0,1,0.1844708938516601,NORMAL
blk_8861349372992394289,1,1,1,0,0,0,0,1,0,1,0.04491092989184653,NORMAL
blk_8871064397020855320,1,1,1,1,0,0,1,0,0,1,0.1150743353602891,NORMAL
blk_8882415653769775762,1,1,1,0,0,0,0,0,0,1,0.1844708938516601,NORMAL
blk_8894334107354324777,1,1,1,1,0,0,0,0,0,1,0.21900602380048056,NORMAL
blk_8902425017314766082,1,1,1,1,0,0,0,0,0,1,0.21900602380048056,NORMAL
blk_8907528844412790999,1,1,1,2,0,0,0,0,0,1,0.17105675448234425,NORMAL
blk_8924207394547472950,1,1,1,0,0,0,0,1,0,1,0.04491092989184653,NORMAL
blk_892900079071425422,1,1,1,1,0,0,0,0,0,1,0.21900602380048056,NORMAL
blk_8929806114713265094,1,1,1,0,0,0,1,0,0,1,0.12297016981752451,NORMAL
blk_8935202950442998446,1,1,1,0,0,0,0,1,0,1,0.04491092989184653,NORMAL
blk_8942969309743886844,1,1,1,2,0,0,0,0,0,1,0.17105675448234425,NORMAL
blk_8950932638808086257,1,1,1,0,0,0,1,0,0,1,0.12297016981752451,NORMAL
blk_8952177028039691517,1,1,1,1,0,0,0,0,0,1,0.21900602380048056,NORMAL
blk_8962411947457130719,1,1,1,0,0,0,1,0,0,1,0.12297016981752451,NORMAL
blk_8968608251219902913,1,1,1,1,0,0,0,0,0,1,0.21900602380048056,NORMAL
blk_8971893898579544235,1,1,1,0,0,0,0,0,0,1,0.1844708938516601,NORMAL
blk_8981795097778421111,1,1,1,1,0,0,1,0,0,1,0.1150743353602891,NORMAL
blk_8988793695103110546,1,1,1,1,0,0,0,0,0,1,0.21900602380048056,NORMAL
blk_8992894896370738220,1,1,1,2,0,0,0,0,0,1,0.17105675448234425,NORMAL
blk_8993862241777591326,1,1,1,1,0,0,0,0,0,1,0.21900602380048056,NORMAL
blk_9014154925388243050,1,1,1,0,0,0,1,0,0,1,0.12297016981752451,NORMAL
blk_901963876338651405,1,1,1,0,0,0,1,0,0,1,0.12297016981752451,NORMAL
blk_9034824096129858680,1,1,1,2,0,0,0,0,0,1,0.17105675448234425,NORMAL
blk_9034993982993401678,1,1,1,0,0,0,0,1,0,1,0.04491092989184653,NORMAL
blk_903961454948542202,1,1,1,0,0,0,0,0,0,1,0.1844708938516601,NORMAL
blk_9060964400089016309,1,1,1,1,0,0,0,0,0,1,0.21900602380048056,NORMAL
blk_9072486569292195232,1,1,1,1,0,0,0,0,0,1,0.21900602380048056,NORMAL
blk_9072829105973334075,1,1,1,1,0,0,0,0,0,1,0.21900602380048056,NORMAL
blk_9074030793567748915,1,1,1,0,0,0,0,0,0,1,0.1844708938516601,NORMAL
blk_9074726164158535746,1,1,1,2,0,0,0,0,0,1,0.17105675448234425,NORMAL
blk_9076677650086747187,1,1,1,2,0,0,0,0,0,1,0.17105675448234425,NORMAL
blk_9081834782322008396,1,1,1,0,0,0,1,0,0,1,0.12297016981752451,NORMAL
blk_9085898147979939648,1,1,1,1,0,0,1,0,0,1,0.1150743353602891,NORMAL
blk_9093049293972551787,1,1,1,0,0,0,0,0,0,1,0.1844708938516601,NORMAL
blk_9093176996492793041,1,1,1,1,0,0,0,0,0,1,0.21900602380048056,NORMAL
blk_9095955277706686312,1,1,1,2,1,0,0,0,0,1,0.0,NORMAL
blk_9103049989653819836,1,1,1,1,0,0,0,0,0,1,0.21900602380048056,NORMAL
blk_9107849594802857322,1,1,1,0,0,0,0,0,0,1,0.1844708938516601,NORMAL
blk_9111860234027679206,1,1,1,1,0,0,1,0,0,1,0.1150743353602891,NORMAL
blk_9121519145462575118,1,1,1,2,0,0,0,0,0,1,0.17105675448234425,NORMAL
blk_9131004320470011870,1,1,1,2,0,0,0,0,0,1,0.17105675448234425,NORMAL
blk_9142114171015520823,1,1,1,0,0,0,1,0,0,1,0.12297016981752451,NORMAL
blk_9146254623576405494,1,1,1,2,0,0,0,0,0,1,0.17105675448234425,NORMAL
blk_9163807899833139121,1,1,1,1,0,0,0,0,0,1,0.21900602380048056,NORMAL
blk_9169945668827621796,1,1,1,0,0,0,1,0,0,1,0.12297016981752451,NORMAL
blk_9173199815015538212,1,1,1,0,0,0,1,0,0,1,0.12297016981752451,NORMAL
blk_9188832735514090334,1,1,1,0,0,1,0,0,0,-1,-0.09982907586517553,ANOMALY
blk_9212264480425680329,1,1,1,1,0,0,0,0,0,1,0.21900602380048056,NORMAL
blk_9216955386716663841,1,1,1,2,0,0,0,0,0,1,0.17105675448234425,NORMAL
blk_92273823183917102,1,1,1,2,0,0,0,0,0,1,0.17105675448234425,NORMAL
blk_92946806844541836,1,1,1,0,0,0,1,0,0,1,0.12297016981752451,NORMAL
blk_931297048899943584,1,1,1,2,0,0,0,0,0,1,0.17105675448234425,NORMAL
blk_939695665085237271,1,1,1,1,0,0,0,0,0,1,0.21900602380048056,NORMAL
blk_955083461510572332,1,1,1,1,0,0,0,0,0,1,0.21900602380048056,NORMAL
blk_995094303184954394,1,1,1,2,0,0,0,0,0,1,0.17105675448234425,NORMAL
